,url,title,date,source,article,indexno,doc_no,category,region
0,http://xxgk.jl.gov.cn/zsjg/fgw/xxgkmlqy/202304/t20230411_8691743.html,关于印发医保支持中医药传承创新发展若干政策措施的通知,2023-04-11,省政府信息公开专栏,各市（州）医疗保障局、卫生健康委、中医药管理局，长白山管委会医疗保障局、卫生健康局、中医药管理局，梅河口市医疗保障局、卫生健康局、中医药管理局：现将《医保支持中医药传承创新发展若干政策措施》（详见附件）印发你们，请你们按照职责分工加紧严密落实。附件：医保支持中医药传承创新发展若干政策措施。附件：为深入贯彻习近平总书记关于中医药工作的重要论述及《中共中央 国务院关于促进中医药传承创新发展的意见》《国务院办公厅关于印发中医药振兴发展重大工程实施方案的通知》等精神，扎实落实《中共吉林省委 吉林省人民政府关于促进中医药传承创新高质量发展的实施意见》《国家医疗保障局 国家中医药管理局关于医保支持中医药传承创新发展的指导意见》等要求，现就充分发挥医疗保障制度优势，支持中医药传承创新发展，总结并提出以下支持措施。一、加强中医药机构协议管理　　1.常态化、制度化开展履约能力评估，及时将符合条件的中医（含中西医结合、少数民族医，下同）医疗机构、中药零售药店及养老等相关单位内设的中医医疗机构纳入医保定点协议管理范围。对全部使用中医医疗技术和方法的中医备案诊所及中医个体诊所在履约能力评估时予以适当倾斜。（省社会医疗保险管理局及各地医保部门分别负责）2.将符合条件的定点中医医疗机构纳入异地就医直接结算定点范围，提升中医医疗机构区域辐射力和影响力。（省社会医疗保险管理局及各地医保部门分别负责）3.开展互联网诊疗的定点中医医疗机构，按规定与统筹地区医保经办机构签订补充协议后，将其提供的“互联网+”中医药服务纳入医保支付范围。（省医保局医药服务管理处、省社会医疗保险管理局及各地医保部门分别负责）4.深入推进长期护理保险，支持具有中医药健康养老特色的医养结合机构发展，符合条件的及时纳入长期护理保险定点范围，促进中医药与医养结合产业融合发展。（省社会医疗保险管理局及各地医保部门分别负责）二、强化中医药服务价格管理 5.建立目标导向的中医服务价格项目管理机制，优化现有中医价格项目，完善新增中医服务价格项目管理政策，丰富中医价格项目。对来源于古代经典、至今仍广泛应用、疗效确切的中医传统技术以及创新性、经济性优势突出的中医新技术，简化新增价格项目审核程序，开辟绿色通道。（省医保局价格招采处负责）6.建立健全灵敏有度的价格动态调整机制，及时开展调价评估，在医疗服务价格动态调整中重点考虑中医医疗服务项目，优先将功能疗效明显、患者广泛接受、特色优势突出、体现劳务价值、应用历史悠久，成本和价格明显偏离的中医医疗服务项目纳入调价范围。（省医保局价格招采处负责）三、支持中医药产业高质量发展 7.进一步健全完善我省基本医保中药饮片目录动态调整机制，做好与国家医保药品目录（中药饮片部分）的互补衔接。按程序及时将除国家明确的不得纳入基金支付范围之外的，有炮制标准、临床认可的中药饮片纳入我省医保支付范围。对公立医疗机构从正规渠道采购的中药饮片，继续按照实际购进价格顺加不超过25%销售。（省医保局医药服务管理处、价格招采处分别负责）8.逐步扩大我省基本医保中药配方颗粒支付范围，按程序将更多符合条件的中药配方颗粒纳入医保目录。开展中药配方颗粒省级挂网采购，促进交易公开透明。（省医保局医药服务管理处、价格招采处分别负责）9.医疗机构制剂可实行自主定价，并继续开展医疗机构制剂医保准入谈判。同时对纳入医保目录且药监部门批准的允许在医联体间调剂使用的制剂均予以支付，有效保障上下级医院间的用药衔接，助力分级诊疗制度建设和基层中医医疗机构服务能力提升。（省医保局医药服务管理处负责）10.以省级或省际区域联盟为基础，开展中成药带量采购，促进中成药生产企业高质量发展。（省医保局价格招采处负责）11.通过面向包括中药在内的药品生产企业开展医保药品目录准入及集中采购政策宣讲、定期举办座谈会、答复相关人大代表和政协委员建议提案等方式，加强政策宣传引导，有的放矢引导和支持医药产业发展。（省医保局医药服务管理处、价格招采处及各地医保部门分别负责）四、完善适合中医药特点的支付政策 12.支持中医技术发展，对新增的疗效确切、体现中医特色优势的中医医疗服务项目及时纳入我省诊疗项目及医疗服务设施项目目录。（省医保局医药服务管理处负责）13.加强医保总额预算管理，根据中医医疗机构的特点合理确定总额指标，加大对基层医疗卫生机构开展中医药服务的支持力度。支持中医医疗机构牵头组建紧密型县域医共体，并对其在总额预算上适当倾斜。（省社会医疗保险管理局及各地医保部门分别负责、同级卫健及中医药管理部门配合）14.推进中医医保支付方式改革。结合《吉林省DRG/DIP支付方式改革三年行动计划》推进，逐步将中医医疗机构纳入DRG/DIP付费管理。对适合纳入的病种通过中医诊断编码转化为西医诊断编码入组付费；遴选并建立中医优势病种库，在权重（分值）等方面予以倾斜。鼓励建设中医日间病房，开展中医日间治疗，遴选中医日间治疗病种并参照住院推行DRG/DIP付费。遴选包括中医在内的基层病种，对不同等级医疗机构实行同标准支付，促进分级诊疗及基层医疗机构开展中医药服务。（省医保局医药服务管理处及各地医保部门负责、同级卫健及中医药管理部门配合）15.支持定点中医医疗机构在其诊疗范围内承担医保门诊慢特病的诊疗，充分发挥中医药在慢特病防治中的作用。落实《关于印发慢性阻塞性肺病等疾病中医诊疗方案的通知》（吉中医药联发〔2020〕5号）要求，对通过鉴定的门诊慢性病患者，采用中医诊疗方案所发生的医疗费用可按该医保门诊慢性病的支付比例和支付限额予以执行。（省医保局待遇保障处负责）五、加强基金监管及部门联动 16.适应中医药服务管理特点，健全常态化日常监管机制，指导推进定点中医药机构落实基金使用主体责任，规范医保基金使用。（省医保局基金监管处及各地医保部门分别负责） 17.加强医保、卫健及中医药管理等部门间协调，强化医疗服务价格项目管理、医保支付方式改革及紧密型县域医共体建设等方面的政策联动，合力抓好工作落实，共促中医药传承创新发展。（省医保局、省卫生健康委、省中医药管理局共同负责）,,,,
1,http://www.tumen.gov.cn/tmszfxxgkw/gzbm/cyqguosj/xxgkml/202305/t20230531_420716.html,2023年图们市医疗保险经办中心部门预算报告,2023-05-31,图们市人民政府,"目录 第一部分 部门概况 一、主要职能 二、机构设置  第二部分 2023 年部门预算表（见附表） 一、财政拨款收支总表 二、一般公共预算支出表 三、一般公共预算基本支出表 四、一般公共预算“三公”经费支出表 五、部门收支预算总表 六、部门收入总表 七、部门支出总表 八、政府性基金预算支出情况 九、国有资本经营收支预算表 十、项目支出绩效目标申报表 第三部分 情况说明  一、2023 年收支预算总体情况 二、2023 年收入预算情况 三、2023 年支出预算情况 四、2023 年财政拨款收支预算情况 五、2023 年一般公共预算拨款情况 六、2023 年一般公共预算基本支出情况 七、2023 年一般公共预算“三公”经费拨款情况 八、2023 年政府性基金预算支出情况 九、其他重要事项的情况说明（一）、机关运行经费（二）、政府采购情况（三）、国有资产占用使用情况（四）、预算绩效情况说明 第四部分 名词解释 第一部分 部门概况 一、主要职责（一）负责基本医疗保险基金的筹集、征收管理和稽核;（二）建立健全基本医疗保险基金预决算制度，填报医疗保险各类财务、统计报表;（三）负责确定基本医疗保险定点医疗机构、定点零售药店并与其签订医疗服务协议;（四）定期向社会公布基本医疗保险基金收支情况，受理参保单位、职工有关医疗保险业务咨询；（五）负责离休人员、二等乙级以上革命伤残军人医疗费用；（六）负责生育保险的经办工作。二、机构设置 根据上述职责，市医保经办中心内设机构 1个。 市医保经办中心事业编制23名。设主任1名，副主任2名；内设机构领导职数1名 第二部分 2023 年部门预算表（见附件 第三部分 情况说明 一、2023 年收支预算总体情况 按照综合预算的原则，所有收入和支出全部纳入部门预算管理。收入包括：一般公共预算拨款收入；支出包括：一般公共服务支出、社会保障和就业支出、卫生健康支出、住房保障支出等 2023 年收支总预算233.66万元,比 2022年预算减少606.38万元，主要原因是上年预算中含了对城乡居民基本医疗保险基金的县级补助基金、医疗救助补助资金。二、2023 年收入预算情况 2023年收入预算233.66万元，其中：本年收入233.66万元，占100%。本年收入中，一般公共预算拨款收入233.66万元，占100%。三、2023年支出预算情况 2023年支出预算233.66万元，其中：基本支出233.66万元，占100%；项目支出0万元，占0%。基本支出中，人员经费221.66万元，占95%；公用经费12万元，占5%。 四、2023年财政拨款收支预算情况 2023年财政拨款收支总预算233.66万元，其中：一般公共预算拨款233.66万元。支出包括：社会保障和就业支出24.4万元，卫生健康支出190.91万元，住房保障支出18.35万元。 五、2023年一般公共预算拨款情况 2023年一般公共预算当年拨款233.66元，其中：一般公共预算拨款收入233.66万元。 六、2023年一般公共预算基本支出情况 2023年一般公共预算基本支出233.66万元，其中：基本支出233.66万元，占100%；项目支出0万元，占0%。基本支出中，人员经费221.66万元，主要包括：基本工资、津贴补贴、奖金、社会保障缴费、离休费、退休费、住房公积金、其他对个人和家庭的补助支出；公用经费12万元，主要用于机关公务员公用经费、公车补助等。 社会保障和就业支出24.4万元，占10%，主要用于我单位养老保险等缴存。卫生健康支出190.91万元，占82%，主要用于我单位人员经费、医疗保险、失业保险、工伤保险和生育保险的缴存和城乡居民基本医疗保险基金的补助及城乡医疗救助的支出。住房保障（类）支出18.35万元，占8%，主要用于我单位职工住房公积金的缴存。七、2023年一般公共预算“三公”经费拨款情况 2023年“三公”经费预算数为1.5万元，与2022年预算数相等。1.因公出国（境）费 0万元，与2022年预算数相等。 2.公务接待费0万元，与2022年预算数相等。3.公务用车购置及运行费1.5万元，与2022年预算数相等。八、2023年政府性基金预算支出情况 本部门无政府性基金预算拨款。九、其他重要事项的说明情况（一）事业运行经费 2023年本单位机关运行经费0万元，与2022年预算数相等。（二）政府采购情况 2023年本部门预计政府采购金额0万元，与2021年预算数相等。（三）国有资产占有使用情况 本部门 2023年无部门预算安排购置车辆及大型设备。（四）预算绩效情况说明 无需要说明情况。第四部分名词解释 （一）一般公共预算拨款收入：指省级财政通过当年一般公共预算拨付的资金。（二）事业收入：指事业单位开展专业业务活动及辅助活动所取得的收入。（三）事业单位经营收入：指事业单位在专业业务活动及其辅助活动之外开展非独立核算经营活动取得的收入。（四）其他收入：指除上述“一般公共预算拨款收入”、 “事业收入”、“事业单位经营收入”等以外的收入。（五）用事业基金弥补收支差额：指事业单位在预计当年的“一般公共预算拨款收入”、“事业收入”、“事业单位经营收入”、 “其他收入”不足以安排当年支出的情况下，使用以前年度积累的事业基金（事业单位当年收支相抵后按国家规定提取、用于 弥补以后年度收支差额的基金）弥补本年度收支缺口的资金。（六）上年结转：指以前年度尚未完成、结转到本年仍按原规定用途继续使用的资金。（七）结转下年：指以前年度预算安排、因客观条件发 生变化无法按原计划实施，需延迟到以后年度按原规定用途 继续使用的资金。（八）基本支出：指为保障机构正常运转、完成日常工作任务而发生的人员支出和公用支出。（九）项目支出：指在基本支出之外为完成特定行政任务和事业发展目标所发生的支出。（十）上缴上级支出：指附属单位上缴上级的支出。（十一）事业单位经营支出：指事业单位在专业业务活动及其辅助活动之外开展非独立核算经营活动发生的支出。（十二）对附属单位补助支出：指对附属单位补助发生的支出。（十三）“三公”经费：纳入财政预决算管理的“三公”经费,是指部门用财政拨款安排的因公出国（境）费、公务用车购置及运行费和公务接待费。其中，因公出国（境）费反映单位公务出国（境）费的国际旅游、国外城市间交通费、住宿费、伙食费、培训费、公杂费等支出；公务用车购置及运行费反映单位公务用车车辆购置支出（含车辆购置税）及租用费、燃料费、维修费、过路过桥费、保险费、安全奖励费用等支出；公务接待费反映单位按规定开支的各类公务接待（含外宾接待）支出。（十四）机关运行经费：为保障行政单位（包括参照公务员法管理的事业单位）运行用于购买货物和服务的各项资金， 包括办公及印刷费、邮电费、差旅费、会议费、福利费、日常维修费、专用材料及一般设备购置费、办公用房水电费、办公用房取暖费、办公用房物业管理费、公务用车运行维护费以及其他费用。",,,,
2,http://xxgk.jl.gov.cn/zsjg/fgw/xxgkmlqy/202302/t20230221_8670869.html,吉林省社会医疗保险管理局2023年单位预算,2023-02-21,省政府信息公开专栏,吉林省社会医疗保险管理局2023年单位预算,,,,
3,http://xxgk.jl.gov.cn/zsjg/fgw/xxgkmlqy/202302/t20230227_8672926.html,关于做好国家基本医疗保险工伤保险和生育保险药品目录2022年执行工作的通知,2023-02-27,省政府信息公开专栏,"各市（州）医疗保障局、人力资源和社会保障局，长白山管委会医疗保障局、人力资源和社会保障局，各县（市、区）医疗保障局、人力资源和社会保障局： 为进一步提高参保人员用药保障水平，按照《国家医保局 人力资源社会保障部关于印发<国家基本医疗保险、工伤保险和生育保险药品目录（2022年）>的通知》（医保发〔2023〕5号，以下简称《2022年药品目录》并详见附件1）等要求，现结合我省实际，并就做好《2022年药品目录》执行工作通知如下： 一、严格执行国家药品目录 全省基本医疗保险、工伤保险和生育保险于2023年3月1日起统一执行《2022年药品目录》（协议期内谈判药品中的阿兹夫定片和清肺排毒颗粒新的医保支付标准自2023年4月1日起实施）；原《关于切实做好国家基本医疗保险、工伤保险和生育保险药品目录执行工作的通知》（吉医保联〔2021〕32号）同步不再执行。各统筹区不得自行调整目录内品种、备注和甲乙分类等内容。二、严密规范执行支付标准 协议期内谈判药品和竞价药品执行全国统一的医保支付标准。协议期内，若谈判药品或竞价药品存在《2022年药品目录》未载明的规格需纳入医保支付范围，待国家医保局确定支付标准后，统一执行。协议期内如有与谈判药品同通用名同剂型的药品上市，其挂网价格不得高于谈判确定的同规格医保支付标准。对竞价药品，实际市场价格超出支付标准的，超出部分由参保人员承担；实际市场价格低于支付标准的，按照实际价格由医保基金和参保人员分担。有竞价药品需求的定点医药机构，原则上应配备（使用）竞价药品同通用名下价格不高于支付标准的品种，以切实减轻参保患者和医保基金负担。协议期内谈判药品医保支付标准有“*”标识的，各相关部门不得在公开发文、新闻宣传等公开途径中公布其医保支付标准。三、统筹做好目录政策衔接 结合新版药品目录调整等情况，经专家论证，动态调整了我省“双通道药品”管理范围（具体详见附件2，与《2022年药品目录》同步执行）。各统筹区应规范有序扩大“双通道”定点医药机构覆盖范围，提升参保人购药的便捷性和可及性。结合新版药品目录调整情况，将《2022年药品目录》新增品种中的二甲双胍Ⅲ（剂型：缓释控释）、恒格列净（剂型：口服常释）、西格列他（剂型：口服常释）、德谷胰岛素利拉鲁肽（剂型：注射剂）、比索洛尔氨氯地平（剂型：口服常释）、美阿沙坦（剂型：口服常释）新纳入我省“两病”门诊用药范围，其支付标准统一执行国家规定。我省按权限出台的医疗机构制剂、中药饮片及中药配方颗粒目录政策，继续按原文件执行。《2022年药品目录》中汉防己甲素片等27种药品继续按照2022年2月18日印发的《关于开展医保药品支付标准试点工作的通知》要求执行。四、扎实推动目录执行落地 省公共资源交易中心要按规定及时做好《2022年药品目录》内尤其是协议期内谈判药品挂网工作。协议期内谈判药品的挂网价格不高于支付标准。参与目录准入竞价的企业，在支付标准有效期内，其竞价药品挂网价格不高于参与竞价时的报价。省社会医疗保险管理局、省社会保险事业管理局要及时做好信息系统更新及定点医药机构的通知、指导等工作，确保按期落地执行。各统筹区医保部门、社保部门应做好新版目录的衔接和经办管理工作；加强定点（协议）机构协议管理，强化智能监管，积极推动新版目录高效严密落地。各统筹区要按照《国家医保局 国家卫健委关于建立完善国家医保谈判药品“双通道”管理机制的指导意见》（医保发〔2021〕28号）、《关于加强国家医保谈判药品配备使用 完善“双通道药品”管理机制的通知》（吉医保联〔2021〕26号）等要求，督促推动定点（协议）医疗机构建立院内药品配备与医保药品目录调整联动机制，自目录公布两个月内，定点医疗机构应召开专题药事会，对临床有使用需求但尚未配备的协议内谈判药，建立绿色通道，直接纳入医疗机构用药目录,切实做到谈判药品“应配尽配”。《2022年药品目录》可登陆吉林省医疗保障局官方网站查阅及下载。各统筹区在目录执行过程中，遇有重大问题应及时分别向省医疗保障局、省人力资源和社会保障厅报告。附件：1.国家基本医疗保险、工伤保险和生育保险药品目录（2022年）2.吉林省基本医保 “双通道药品”管理范围情况表",,,,
4,http://xxgk.jl.gov.cn/zsjg/fgw/xxgkmlqy/202302/t20230228_8673380.html,关于动态调整吉林省基本医疗保险工伤保险和生育保险诊疗项目及医疗服务设施项目目录2022年的通知,2023-02-28,省政府信息公开专栏,"各市（州）医疗保障局、长白山管委会医疗保障局,各县（市、区）医疗保障局: 为进一步提高肿瘤参保患者医疗保障水平，支持肿瘤诊疗新技术发展，经组织专家论证，将经皮氩氦刀冷冻消融术等3个项目（详见附件）按乙类纳入基本医疗保险支付范围，自2023年3月6日起执行。",,,,
5,http://xxgk.jlcity.gov.cn/gzbm/zljsjd_30341/xbgkml/202305/t20230519_1130470.html,关于完善吉林市基本医疗保险门诊慢性病特殊疾病病种管理有关事项的通知,2023-05-19,吉林市人民政府,"各县（市）医疗保障局、市社会医疗保险管理局： 按照吉林省医疗保障局《关于完善吉林省基本医疗保险门诊慢性病、特殊疾病病种管理有关事项的通知》（吉医保发〔2022〕28号）文件要求，结合《吉林市人民政府办公室关于印发进一步健全完善吉林市职工医保门诊共济和待遇保障机制实施细则的通知》（吉市政办发〔2022〕39号，以下简称“39号文”）文件内容，现就完善吉林市基本医疗保险门诊慢性病、特殊疾病（以下简称门诊慢特病）病种有关事项通知如下： 一、明确病种范围及基金年度最高支付限额 职工医保门诊慢特病病种，按照全省职工医保统一的病种目录执行,病种范围由省医疗保障局动态调整。（一）门诊慢性病 吉林市职工医保门诊慢性病共29种，就诊范围、起付标准及统筹支付比例等按照“39号文”执行，统筹基金年度最高支付限额按照本通知附件1执行。居民医保执行全省统一的19种居民医保门诊慢性病病种（见附件2）。（二）门诊特殊疾病 职工医保覆盖55种门诊特殊疾病病种，居民医保覆盖50种门诊特殊疾病病种（见附件3）。二、统一规范病种名称和代码 统一规范职工医保门诊慢特病病种名称及代码。同一病种职工医保和居民医保的病种名称及代码保持一致。三、加强经办管理 经办部门要根据病种准入标准，细化门诊慢特病待遇享受期和复审周期。参保人员在待遇享受期满后未重新申请或在待遇享受期内未发生慢特病门诊费用的，门诊慢特病待遇自动取消。门诊慢性病、门诊特殊疾病病种执行全省统一的医保准入标准。四、做好工作衔接 （一）做好系统衔接 经办机构要在本通知印发后，沟通省级医保信息化管理部门做好病种名称、代码在医保信息平台的更新工作，确保系统运行平稳，为便于过渡衔接，吉林市原有病种名称及代码系统保留至2024年12月31日。（二）做好待遇衔接 1.做好未纳入本次职工医保门诊慢特病病种的衔接。本通知实施前，吉林地区原自行制定的、不在本通知规定范围的病种：已纳入人员可继续按规定享受待遇至2024年12月31日，本通知实施后这些病种不再纳入新的人员，相关费用通过普通门诊统筹予以保障。2.做好已纳入本次职工医保门诊慢特病病种的衔接。本通知实施前，吉林地区原自行制定的、已在本通知规定病种范围的病种：本通知实施前已通过门诊慢特病资格鉴定并享受待遇的，不再另行办理资格鉴定；本通知实施后新申请的参保人员，按本通知规定的病种范围办理。3.脱贫人口32种门诊慢病，病种名称、代码与职工、居民医保同步统一规范，病种保障方式发生变化的，过渡期内待遇保障水平就高执行。五、加强解读培训 各级经办机构要及时向参保人员做好政策宣传解读，加强对定点医药机构的业务培训，确保病种范围、名称及代码调整工作平稳开展。 本通知自2023年1月起，结合国家医保信息平台支撑情况有序实施。此前规定与本通知不一致的，按本通知执行。实施过程中如遇国家或省有关政策调整的，按新政策执行。附件： 1.吉林市职工医保门诊慢性病病种范围2.吉林市居民医保门诊慢性病病种范围 3.吉林市基本医疗保险门诊特殊疾病病种范围 4.脱贫人口32种门诊慢病病种范围",,,,
6,http://www.hunchun.gov.cn/hcszfxxgkw/gzbm/cyqguosj/xxgkml/202305/t20230511_418090.html,珲春市医疗保险经办中心2023年部门预算,2023-05-11,珲春市人民政府,根据政府信息公开工作要求，现将珲春市医疗保险经办中心2023年部门预算情况进行公开。,,,,
7,http://xxgk.tongyu.gov.cn/zcbm/tyylbzj/xxgkml/202305/t20230526_962851.html,白城市职工医保门诊共济保障机制改革政策宣传,2023-05-26,通榆县人民政府,一、改革后医保个人账户划入方式 个人账户划入方式体现在2个方面“调整”。分别调整在职职工、退休人员的个人账户划入方式。第一，对于在职职工，改革前，个人账户的资金来源由单位缴费的一部分和个人缴费共同组成;改革后，个人缴费依然全划入个人账户，原来单位缴费划入个人账户的部分，划入统筹基金。第二，对于退休人员，改革前，每月划入个人账户的资金为“个人养老金实际发放数×计入比例” :改革后，划入个人账户的资金为“本统筹区改革当年基本养老金平均水平×计入比例。二、改革后医保个人账户相关政策 改革后个人账户保持3个“不变”。第一，个人账户结余的归属不变。个人账户的本金和利息，无论是改革前的历史结余，还是改革后新划入形成的结余，仍然归个人所有，仍然可以结转使用和继承。第二，在职职工个人缴费的比例，流向不变。在职职工个人医保缴费仍然全额划入个人账户。第三，退休人员不缴费的政策不变。退休人员仍然不需缴费，个人账户资金仍然由医保统筹基金划入。 三、改革带给职工参保人的益处 一是“提”，医疗保障待遇标准大幅提高。第一，健全普通门诊保障机制，2020年我市在全省率先实行职工基本医疗保险门诊统筹，在此基础上，进一步提高职工普通门诊统筹基金最高支付限额，普通门诊每人每年统筹基金最高支付限额由700元提高到1000元，门诊统筹就诊定点医疗机构范围由原二级及以下公立医疗机构扩大到所有医疗机构，在三级定点医疗机构起付标准为300元，二级及以下定点医疗机构为200元，一年设一次起付线:在职职工在一级及以下，二级，三级定点医疗机构统筹基金支付比例分别为60%、55%，50%，退休人员支付比例较在职职工提高3个百分点，分别为63%、58%，53%。第二，提高门诊慢病年度最高支付限额。门诊慢病与普通门诊共用一个起付线，报销比例为80%，慢病病种由20个增加至27个，年度统筹基金最高支付限额由原来的4400元提高到6500元，提高2100元。第三，提高门诊特殊疾病保障水平。门诊特殊疾病病种由41个增加至55个，按照住院待遇报销。第四，提高异地就医直接结算待遇支付标准。省内跨市(州)县域内定点医疗机构住院直接结算，免转院备案手续，不降低报销比例，报销比例同参保地住院一致:转外就医人员在定点医疗机构住院报销比例同比去年提高10个百分点;异地自主就医人员在定点医疗机构住院报销比例由20%提高至70%以上。二是“优”，医保便民服务事项进一步优化。第一，优化门诊费用报销范围。除药品费用可以报销外，符合规定的检查、检验、治疗等费用均纳入报销范围。第二，优化医保便民服务措施，逐步将符合条件的定点零售药店提供的用药保障服务，纳入门诊报销范围:在持续优化异地住院费用直接结算的基础上，不断扩大异地门诊费用直接结算范围；优化规范长期处方管理，满足慢性病患者长期用药需求，一次就医可开的处方量最长达12周。第三，积极推进“互联网+医保”服务，推动医保电子凭证就医购药全流程应用、扩大医保移动支付接入范围，尽快让参保人通过手机就能完成挂号就诊、医保结算、参保信息查询、异地就医备案等相关服务。三是“拓”，个人账户使用范围充分拓展。改革在三方面拓展了个人账户使用范围:第一，可以支付本人及配偶、父母、子女在定点医疗机构就医时发生的由个人负担的医疗费用;第二，可以支付本人及配偶、父母、子女在定点零售药店购买药品、医疗器械、医用耗材发生的由个人负担的费用;第三，可以支付配偶、父母、子女参加城乡居民基本医疗保险、职工补充保险等的个人缴费。 ,,,,
8,http://xxgk.jl.gov.cn/zsjg/fgw/xxgkmlqy/202301/t20230118_8662336.html,关于印发吉林省基本医疗保险工伤保险和生育保险中药配方颗粒目录的通知,2023-01-18,省政府信息公开专栏,"各市（州）医疗保障局、人力资源和社会保障局,长白山管委会医疗保障局、人力资源和社会保障局,各县（市、区）医疗保障局、人力资源和社会保障局： 为进一步支持中医药发展，逐步提升我省基本医保、工伤保险保障水平，按照国家药监局、国家医保局等四部门印发《关于结束中药配方颗粒试点工作的公告》（2021年第22号）等要求，经组织专家论证，我们制定了《吉林省基本医疗保险、工伤保险和生育保险中药配方颗粒目录》（以下简称《目录》，详见附件），现就具体事宜通知如下： 一、《目录》构成《目录》实行准入法管理，未纳入《目录》的中药配方颗粒，我省基本医保、工伤保险基金不予支付。《目录》在体例上包括中药配方颗粒名称、支付类别、备注（限定支付要求）等，并统一按乙类管理。二、《目录》适用《目录》适用于我省基本医疗保险、工伤保险和生育保险，全省统一执行。各统筹区不得自行制定或更改《目录》，也不得自行调整《目录》的备注要求。三、《目录》政策衔接（一）《目录》按通用名称进行管理，同配方颗粒不区分规格及生产企业。备注中标记“□”的，指单独使用时基金不予支付，且全部由这些中药配方颗粒组成的处方也不予支付。按照国家医保局《关于开展中药配方颗粒产品信息维护的通知》及加强医保中药配方颗粒精细化管理等要求，中药配方颗粒医保支付应严格按本通知要求对照中药配方颗粒执行（不得对照相应中药饮片）。（二）按照国家医疗保障业务编码标准化工作要求,省社会医疗保险管理局、省社会保险事业管理局应及时做好中药配方颗粒信息更新完善等工作。各统筹区医保部门、社保部门应做好《目录》实施的衔接工作,并将《目录》执行情况纳入定点服务协议管理和定点服务考核范围,加大监督检查力度,严格支付管理。（三）本通知自2023年2月1日起执行，在《目录》执行过程中，遇有重大问题应及时分别向省医疗保障局、省人力资源和社会保障厅报告。附件：吉林省基本医疗保险、工伤保险和生育保险中药配方颗粒目录",,,,
9,http://xxgk-fs.cbs.gov.cn/zcbm/fsxylbzj/xbxxgkml/202304/t20230423_767899.html,医疗保险业务档案查询利用办事指南,2023-04-23,抚松县人民政府,一、办理业务 医疗保险业务档案查询利用 二、事项类型 公共服务 三、设定依据 1.《社会保险业务档案管理规定（试行）》（人力资源和社会保障部 国家档案局令第3号） 第十条 2.关于印发《吉林省医疗工伤生育保险业务档案管理办法（试行）》的通知（吉人社联字〔2012〕23号）  第十九条 3.关于印发《吉林省社会医疗工伤生育保险业务档案管理细则》的通知（吉医保字〔2012〕7号）四、受理条件 符合法定形式，要件齐全 五、申报材料 1.本人医保电子凭证或身份证或社保卡 2.《业务档案利用登记单》 ,,,,
10,http://xxgk-cb.cbs.gov.cn/zcbm/cbxylbzj/xbxxgkml/202305/t20230512_769848.html,长白朝鲜族自治县医疗保障局机构简介和长白朝鲜族自治县医疗保险经办中心机关简介,2023-05-12,长白朝鲜族自治县人民政府,"一、主要职责 （一）贯彻执行国家有关医疗保险、生育保险、医疗救助等医疗保障制度的法律法规和政策规定。研究组织实施医疗保障制度的地方性法规和规章草案、政策、规划、标准、办法。 （二）拟订和落实医疗保障筹资和待遇政策，完善动态调整和区域调剂平衡机制，统筹城乡医疗保障待遇标准，建立健全与筹资水平相适应的待遇调整机制。（三）组织实施城乡统一的药品、医用耗材、医疗服务项目、医疗服务设施等医保目录和支付标准，建立动态调整机制。（四）组织拟订药品、医用耗材价格和医疗服务项目、医疗服务设施收费等政策，建立医保支付医药服务价格合理确定和动态调整机制，推动建立市场主导的社会医药服务价格形成机制，建立价格信息监测和信息发布制度。（五）拟订定点医药机构协议和支付管理办法并组织实施，建立健全医疗保障信用评价体系和信息披露制度，监督管理纳入医疗保障范围内的医疗服务行为和医疗费用，依法查处医疗保障领域违法违规行为。（六）负责医疗保障经办管理、公共服务体系和信息化建设。组织拟订和完善异地就医管理和费用结算政策。建立健全医疗保障关系转移接续制度。开展医疗保障领域对外合作交流。（七）认真执行县新型农村合作医疗管理委员会的决议、 决定，拟订相关的管理办法和措施，接受委员会的监督。核定新型农村合作医疗定点机构，报委员会批复，监督检查医疗机构服务行为，规范新型农村合作医疗管理办法完善和落实有关规章制度。（八）职能转变。县医疗保障局应完善统一的城乡居民基本医疗保险制度和大病保险制度，建立健全覆盖全民、城乡统筹的多层次医疗保障体系，不断提高医疗保障水平，确保医保资金合理使用、安全可控，推进医疗、医保、医药“三医联动”改革，更好保障人民群众就医需求、减轻医药费用负担。（九）有关职责分工。与县卫生健康局在医疗、医保、医药等方面加强制度、政策衔接，建立沟通协商机制，协同推进改革，提高医疗资源使用效率和医疗保障水平。（十）完成县政府交办的其他任务，与省、市医保局对接完成交办的任务。二、内设机构（一）综合科。负责机关日常工作。承担安全、保密、宣传、信访、政务公开、政务督察和对外合作交流等工作。承担机关和直属单位预决算、机关财务、资产管理、内部审计、人事管理、机构编制、教育培训、队伍建设等工作。（二）待遇保障与政策法规科。执行国家有关医疗保险、 生育保险、医疗救助等医疗保障制度的法律法规和政策规定, 推进医疗保障信息化建设。研究拟订医疗保障制度的地方性法规和规章草案、政策、规划、标准、办法并组织实施。 长白朝鲜族自治县医疗保障局办公室负责人：侯霖 通讯地址：东安路29号 邮政编码：134400 联系电话：0439-8899074 办公时间：8:30—11:30 13:30—17:00（秋冬季）8:30—11:30 14:00—17:30（春夏季） 长白朝鲜族自治县医疗保险经办中心机关简介 一、主要职责 为医疗救助工作服务；为医疗保险信息化建设工作服务；为参保单位缴费基数稽核和两定医药机构工作服务；承担医疗保险经办工作；完成县医疗保障局交办的其他公益类服务性任务。根据上述主要职责和具有的社会功能，长白朝鲜族自治县医疗保险经办中心为公益一类事业单位，根据正常业务需要，由同级财政提供相应经费保障。二、内设机构 （一）综合科。负责医疗保险经办中心文电、会务、机要等单位日常事务，承办县医疗保障局交办的事宜。（二）基金财务科。负责全县医疗保险基金财务工作；执行医疗保险基金财务制度、会计制度；建立和组织实施医疗保险基金预警制度；监测医疗保险基金运行情况。（三）征缴科。负责全县医疗保险征缴经办业务，拟定参保扩面和基金征缴计划建议方案；承办全县参保单位及参保人员的申报、登记、审核，以及特殊人员身份的确认和复核，医疗保险关系转移接续。（四）结算科。负责全县职工医疗、城乡居民保险费用结算工作；负责全县职工医疗、城乡居民异地就医人员的费用日常对账、审核清算工作；负责对参保人员待遇支付的核对工作。（五）稽核科。负责经办机构风险管理、稽核和内部控制制度的组织实施；负责全县职工医疗、城乡居民、医疗救助、扶贫兜底基金征收、拨付、运营管理的稽核；拟定全县医疗、城乡居民、医疗救助、扶贫兜底基金年度稽核计划和专项稽核计划。（六）统计信息科。负责经办中心信息系统、网络系统及数据管理、三目（《吉林省基本医疗保险和生育保险药品目录》、《吉林省基本医疗保险和生育保险诊疗项目目录》、《吉林省基本医疗保险和生育保险医疗服务设施项目目录》）维护工作。（七）医疗救助科。负责实施基本医疗救助和重特大疾病医疗救助工作，负责建档立卡贫困人员大病兜底审核工作。负责全县医疗救助对象和建档立卡贫困人员的核对工作，负责对医疗救助对象享受医疗救助和建档立卡贫困人员待遇审核工作，负责对医疗救助对象实施医疗救助和建档立卡贫困人员待遇发放工作。（八）档案管理科。贯彻落实有关档案工作政策、法规，制定档案工作计划、管理办法。负责接收各科室的档案资料的整理、统计、保管、查询、借阅、立卷归档工作，维护档案的完整，确保档案资料的安全。长白朝鲜族自治县医疗保险经办中心负责人：张东 通讯地址：吉林省白山市长白县长白大街55号 邮政编码：134400 联系电话：0439-8899074 办公时间：8:30—11:30 13:30—17:00（秋冬季）8:30—11:30 14:00—17:30（春夏季）",,,,
11,http://www.tumen.gov.cn/zw_2185/zt/yshjzl/bmhqzc/shmszc/202305/t20230530_420645.html,调整居民医保普通门诊统筹起付标准,2023-05-30,图们市人民政府,"自2023年1月1日起,取消全省一级及以下医疗机构居民医保普通门诊统筹(含“两病”门诊,下同)起付线。普通门诊统筹在一级及以下医疗机构报销比例仍为50%,基金支付限额不变(即长春、辽源统筹区基金支付限额每人每年500元 ,其他统筹区每人每年350元 ),仍可在乡、村两级定点医疗机构通用。",,,,
12,http://www.helong.gov.cn/hlszfxxgkw/gzbm/ybj/zfxxgkml_9576/202305/t20230522_419289.html,截止2023年4月末医疗保险和生育保险城乡居民保险主要指标,2023-05-05,和龙市人民政府,指标名称 单位 本期 一、基金收入 职工基本医疗保险（含生育保险）万元 3097 城乡居民基本医疗保险 万元 3579 二、基金支出 职工基本医疗保险（含生育保险） 万元 1912 其中：生育保险待遇支出万元57 城乡居民基本医疗保险 万元 1023 三、基金累计结余 职工基本医疗保险（含生育保险）万元 7557 城乡居民基本医疗保险 万元 3062,,,,
13,http://xxgk-hj.cbs.gov.cn/zcbm/fgw_97969/zsjxxgkml/202304/t20230428_768640.html,关于浑江区孤儿参加基本医疗保险情况的函,2023-04-28,浑江区人民政府,白山市医疗保险经办中心: 按照民政部办公厅《关于组织开展贯彻习近平总书记有关儿童福利领域重要指示批示精神情况调研检查的通知》（民办[2023]25号）要求，我局需要2021年-2022年浑江区25名孤儿参加基本医疗保险情况数据。现恳请白山市医疗保险经办中心协助提供孤儿参保相关数据。,,,,
14,http://zfxxgk.yanbian.gov.cn/gzbm/cyqguosj/xxgkml/202304/t20230426_416757.html,关于上解城镇职工基本医疗保险累计结余资金的通知,2023-04-26,延边州政府信息公开网,各县（市）医疗保障局、财政局：按照《关于全面启动城镇职工基本医疗保险和补充保险基金州级统收统支工作的通知》（延州医保联发〔2022〕13号）要求，为规范城镇职工医疗保险（以下简称“职工医保”）结余基金管理，现就上解职工医保结余基金阶段性工作要求通知如下：请各县（市）医疗保障局、财政局加强协同配合，于2023年4月31日之前，将留存县（市）职工医保基金财政专户的职工医保累计结余全额上解至职工医保州级统筹基金财政专户。各县（市）存在职工医保基金财政专户中尚未到期的定期存款等客观情况，由所涉县（市）财政部门书面向州财政局报告，待协议期满的5个工作日内将本息全额转入职工医保州级统筹基金财政专户。,,,,
15,http://www.longjing.gov.cn/ljszfxxgkw/gzbm/cyqguosj/xxgkml/202305/t20230505_417274.html,延边州医疗保障局延边州财政局关于上解城镇职工基本医疗保险累计结余资金的通知,2023-05-05,龙井市人民政府,各县（市）医疗保障局、财政局：按照《关于全面启动城镇职工基本医疗保险和补充保险基金州级统收统支工作的通知》（延州医保联发〔2022〕13号）要求，为规范城镇职工医疗保险（以下简称“职工医保”）结余基金管理，现就上解职工医保结余基金阶段性工作要求通知如下：请各县（市）医疗保障局、财政局加强协同配合，于2023年4月31日之前，将留存县（市）职工医保基金财政专户的职工医保累计结余全额上解至职工医保州级统筹基金财政专户。各县（市）存在职工医保基金财政专户中尚未到期的定期存款等客观情况，由所涉县（市）财政部门书面向州财政局报告，待协议期满的5个工作日内将本息全额转入职工医保州级统筹基金财政专户。,,,,
16,http://xxgk.lishu.gov.cn/zcbm/dsj/newgkml/202305/t20230523_665842.html,关于印发梨树县2023年医保基金监管,2023-05-23,梨树县人民政府,"各科室、事业单位、各定点医药机构：为加强医保基金监管法律法规和政策措施的宣传教育，营造全社会关注并自觉维护医保基金安全的良好氛围，按照《吉林省医疗保障局关于开展2023年全省医保基金监管集中宣传月活动的通知》(吉医保办〔2023〕10号)和《四平市医疗保障局关于印发四平市2023年医保基金监管集中宣传月实施方案的通知》（四医保发〔2023〕2号）文件要求，结合我县实际，决定在全县范围内开展2023年医保基金监管集中宣传月活动，并制定本方案。一、活动主题 安全规范用基金 守好人民“看病钱”二、活动时间 2023年4月3日至2023年5月10日　三、宣传内容 (一)解读政策法规。重点围绕《医疗保障基金使用监督管理条例》、《国家医疗保障局 公安部关于加强查处骗取医保基金案件行刑衔接工作的通知》、《医疗机构医疗保障定点管理暂行办法》、《零售药店医疗保障定点管理暂行办法》等法规政策，通过深入浅出的普法解读，让定点医药机构、医保经办机构和参保群众准确理解每项条款的具体释义，自觉遵纪守法。(二)宣传惠民举措。向参保群众介绍医保经办业务办理途径、流程和标准，方便群众看病就医。大力宣传住院报销、门诊慢病、集中带量采购等重大工作举措，增强民众获得感、幸福感。(三)曝光典型案例。宣传近年来打击欺诈骗保工作成果，公开曝光定点医药机构、医保经办机构、参保人员等违法违规使用医保基金行为，提高曝光案例的数量和质量，强化典型案例的警示教育和震慑作用，敲响“不能骗、不敢骗”的警钟。(四)引导公众参与。认真落实《国家医保局办公室财政部办公厅关于印发<违法违规使用医疗保障基金举报奖励办法>的通知》(医保办发〔2022〕22号)要求，常态化向社会公开举报电话，规范举报线索办理流程，宣传举报奖励办法，鼓励群众积极参与医保基金监管工作，充分发挥社会监督作用。四、活动安排 (一)动员部署阶段(4月5日前) 做好集中宣传月活动前期的组织策划工作，发放海报等宣传资料，组织各相关单位在经办服务窗口、各定点医药机构窗口、宣传活动现场、公共场所派发和张贴宣传材料。(二)组织实施阶段(4月6日——4月30日) 1.举办一次启动仪式。县医疗保障局将举办宣传月启动仪式，邀请县政府分管领导及公安、卫健、市场监管等部门参加，集中展示医保基金监管工作成效。动员部署医保经办机构、各定点医药机构全面参与，深入开展医保基金监管宣传活动。2.组织一场现场集中宣传活动。2023年4月上旬，县医疗保障局将采取多种宣传渠道相结合的宣传方式，开展多层次、多角度、全方位的集中宣传。同时各定点医药机构，充分利用各单位电子屏、宣传栏播放宣传视频、标语、张贴海报等进行宣传。县医疗保障局将邀请媒体进行跟踪报道，扩大宣传效果，形成声势浩大的宣传阵势。 3.曝光一批典型案例。全面梳理近年来查处的违法违规使用医保基金典型案例，在“梨树县医疗保障”微信公众号等平台对案例进行集中曝光，充分发挥震慑作用，营造打击欺诈骗保的高压氛围。 4.积极参与有奖问答。县医疗保障局配合好市医疗保障局组织开展面向全县社会各界的有奖竞答活动，扩大宣传效果，动员广大群众积极参与有奖竞答活动，让医保基金监管法律法规知识深入人心。 5.举办一期专题培训。县医疗保障局开展行政执法专题培训，围绕《吉林省医疗保障局关于做好2023年医疗保障基金监管工作的通知》、《关于印发<2023年全省医保基金监管安全规范年行动方案>的通知》,就行政执法过程中注意事项和如何提升执法水平等方面进行专题讲解，进一步强化依法行政观念，规范行政执法行为，提高行政执法水平。 6.开展一次警示教育。组织召开定点医药机构、医保经办机构警示教育大会，重点围绕医保基金监管法律法规与政策措施，通报打击欺诈骗保典型案例，讲清欺诈骗保的危害及后果，警示定点医药机构、医保经办机构及从业人员提高行业自律意识和个人守信意识，自觉维护基金安全。 7.组织一期短视频大赛。组织县本级定点医药机构参与医保基金监管“安全规范年”短视频大赛。各定点医药机构要围绕“安全规范用基金 守好人民看病钱”主题内容，结合实际，开展微视频、短视频创编活动，可以是政策宣读、预防举措、案例点评，也可以以自身日常业务工作中如何抵制欺诈骗保行为作为题材编制微电影、短视频，通过故事场景再现，结合工作实际，深入浅出地开展宣传。全县二级及以上定点医疗机构、各定点连锁药店至少创编报送1个视频作品，参与视频大赛评选，优秀作品将推送参加省局的视频大赛，对有典型性、代表性的优秀短视频作品将推荐国家展播。 8.签订一次信用承诺活动。组织定点医药机构开展信用承诺活动，签订承诺书，将信用承诺履行作为协议管理、考核的重要依据，增强定点医药机构抵制欺诈骗保行为的自觉性，推动医保基金监管共建共治。 9.深入开展地区内基金监管交叉互检工作。进一步加强医保基金监管，持续保持打击欺诈骗保高压态势，通过医保基金监管部门联动体系，梨树县医疗保障局与双辽市医疗保障局、伊通县医疗保障局开展三地互检工作，采取集中协调原则，加强医疗保障监管信息共享，充分发挥各自优势，共同构建更加牢固的基金安全防线，切实提升三地基金监管水平，让参保人员更高效的享受医疗保障待遇。 (三)总结提高阶段(5月1日——5月10日)  总结宣传活动中取得的成功经验、查处的反面典型，建立长效机制。五、相关要求 （一）精心组织，协同推动。要高度重视，周密部署，科学组织，结合基金监管安全规范年行动各项任务，贯彻落实集中宣传月活动，有效开展基金监管法律法规和政策措施宣传。参照市局做法同步开展集中宣传月各项活动，合理制定集中宣传月实施方案，充分发挥集中宣传的窗口作用，确保宣传月各项工作有序进行。（二）广泛动员，集中宣传。要及时做好宣传月活动的组织动员，推进活动全面有序开展。将基金监管专项治理、日常稽核管理与医保政策法规的宣传教育结合起来开展，做到对定点医药机构的宣传效果达到全覆盖、无死角。（三）发动社会，全民参与。要加强社会舆论造势，使医保政策法规家喻户晓，营造全民知法守法的良好氛围，畅通举报投诉渠道，宣传解读举报奖励办法，鼓励群众积极主动参与医保基金监管工作中来，切实提高参保人员对医疗保障基金监管的关注度、知晓度、支持度和参与度。（四）上下联动，协调配合。要增强全局观念，加强统筹指导，协调联动，积极参与县医保局组织的各项活动，联合公安、卫健、市场监管等相关部门，形成工作合力，深入基层，贴近群众，通过进街道、进乡镇、进村社等广泛开展宣传活动。（五）认真总结，及时报告。各单位要注意收集宣传活动资料，整理宣传活动中涌现的好经验、好做法，要做好宣传工作总结。请于2023年5月6日前将宣传活动有关宣传资料、媒体报道及宣传工作总结报送至县医疗保障信息中心。",,,,
17,http://xxgk-lj.cbs.gov.cn/zcbm/sylbzj/zsjxxgkml/202305/t20230505_768996.html,关于印发临江市城镇职工基本医疗保险门诊统筹定点零售药店遴选工作方案的通知,2023-05-05,临江市人民政府,市各定点零售药店： 依据吉林省社会医疗保险管理局《关于做好将定点零售药店纳入门诊统筹经办管理服务工作的通知》（吉医疗保险发〔2023〕3号）及《关于开展白山市城镇职工基本医疗保险门诊统筹定点零售药店履约能力评估工作的通知》要求，为规范完成临江市城镇职工基本医疗保险门诊统筹定点零售药店遴选工作，临江市医疗保障局结合实际制定了《临江市城镇职工基本医疗保险门诊统筹定点零售药店遴选评估工作方案》，拟定4月28日至5月15日开展门诊统筹定点零售药店遴选工作，现将方案印发给你们，请认真遵照执行。临江市城镇职工基本医疗保险门诊统筹定点零售药店遴选工作方案 按照吉林省社会医疗保险管理局《关于做好将定点零售药店纳入门诊统筹经办管理服务工作的通知》（吉医疗保险发〔2023〕3号）及《关于开展白山市城镇职工基本医疗保险门诊统筹定点零售药店履约能力评估工作的通知》要求，为稳步推进市城镇职工基本医疗保险门诊统筹工作有序开展，规范完成临江市城镇职工基本医疗保险门诊统筹定点零售药店遴选工作，确保过程公开、公平、公正，特制定此工作方案。一、工作目标 按照自愿申报、便民利民、区域合理分布、公开、公平、公正的原则，依据准入条件，通过遴选评估确定临江市城镇职工基本医疗保险门诊统筹定点零售药店。原则上本次遴选确定临江市区域内城镇职工基本医疗保险门诊统筹定点零售药店按每个社区（乡镇）选定一家（社区人数超万人的可适当增加比例）。 二、组织领导 为确保此项工作规范开展，根据《关于开展白山市城镇职工基本医疗保险门诊统筹定点零售药店履约能力评估工作的通知》评估标准和一票否决等事项，遴选工作由市医疗保障局待遇保障科牵头与经办中心监督二科共同实地深入申请零售药店开展现场评估，同时准确填写评分表，经双方签字确认后，工作人员对分数进行排序，并将排序结果上报局党组。 三、准入名单确认 （一）按照申报定点零售药店所属社区(乡镇)最多确定1家门诊统筹定点零售药店的原则，遴选工作按照社区(乡镇)所属申报的定点零售药店综合排分，从高分到低分进行排序。若出现分数相同并列第一的情况，根据以下条件顺序择优选取： 1、按照优先条件进行筛选，每条优先条件必须全部符合方可按满足一项计算，满足优先条件多者胜出。 2、优先条件一致时，依次按照药品品种数较多的优先、经营场所面积较大的优先，以上仅在比较项情况相同时依次比较下一项。（二）准入名单确认后在临江医保服务微信公众号公示5个工作日。 四、工作要求 （一）严明工作纪律。工作人员应严明工作纪律，在评估过程中需将手机关机并上交，由专人统一保管，不得在评估过程中弄虚作假，徇私舞弊。 （二）严格评估流程。各工作人员应严格遵守工作流程，按照流程要求开展相关工作。 （三）严肃追责问责。各工作人员应认真履行职责，对于评估过程中出现的违规行为将予以严肃追责问责。 （四）畅通举报渠道。定点零售药店如对评估工作流程存在疑问，可以向工作组进行反馈，但不得干扰现场评估工作，如不配合开展工作，遴选工作人员有权取消其评估资格。若在评估过程中工作人员存在违规违法行为，定点零售药店有权进行投诉举报，投诉举报电话：0439-5268802。 （五）异议争议裁决。在实际评估过程中如出现本方案规定以外的异议或争议，需报请局党组，由局党组裁决，并提出终审评估意见。,,,,
18,http://www.jl.gov.cn/zw/yw/zwlb/sx/sz/202304/t20230427_2346127.html,白山市医保局多措并举增实效全力做好医疗保险参保缴费工作,2023-05-04,吉林省人民政府网,2023年，白山市医保局进一步扩大医疗保险参保覆盖面，减轻群众就医负担、增进民生福祉多措并举，采取有效措施，通过加强政策引导、完成个人账户注入调整、推进医保关系转移接续等方面全力做好参保缴费工作，确保参保缴费工作顺利开展。加强政策宣传引导。坚持医保征缴公开，接受社会监督，公开征缴咨询电话，建立在线办理方式，群众通过网络传送资料直接网上办理，减少异地就医群众跑路难问题。动员全市医保系统、医药机构开展线上线下相结合宣传，设立医保政策咨询台等方式，积极宣传医保的重要意义，鼓励务工人员参加职工医保，切实提高参保群众的政策知晓率和满意率。完成个人账户注入调整。按照市政府有关的要求，自2023年2月起系统内享受统账结合的退休人员，基本医疗保险按照白山地区2021年基本养老金平均水平2156.00元为基数定额划入，基本医疗划入比例按原政策（3.2％）执行。系统内享受统账结合的在职人员，单位缴纳的基本医疗保险费全部计入统筹基金；个人缴纳的基本医疗保险费计入个人账户，计入标准为本人参保缴费基数的2％。享受公务员补助医疗保险的（在职、退休）人员仍按原比例执行。推进医保关系转移接续。及时完成省内2022.1－2023.2月转移接续清算个人账户工作，涉及金额共计664161.16元；为退役军人及家属做好转移接续工作，手工补录部队参保年限，确保参保人员医疗待遇的有效衔接和缴费记录的完整性。下一步，白山市医保局将持续发力，出实招、出新招调动群众参保积极性，将医保缴费工作按阶段目标稳步推进，把服务送到群众最需要的地方，确保参保群众“应缴尽缴、应保尽保”。 ,,,,
19,http://ybj.jlsy.gov.cn/ybdt/202303/t20230322_491578.html,关于2023年度灵活就业人员医保缴费事宜的公告,2023-12-31,松原市社会医疗保险管理局,"全市灵活就业医保参保缴费人： 根据《吉林省基本医疗保险参保管理经办规程》（吉医保联【2022】11号）、《吉林省基本医疗保险参保缴费管理暂行办法》（吉医保联【2022】19号）和松原市医保局、财政局、税务局联合下发的《关于调整2023年全市灵活就业人员基本医疗保险有关缴费标准的通知》（松医保联【2022】14号）等文件规定，对2023年灵活就业人员医疗保险缴费方式及缴费标准做出相应调整如下： 一、缴费方式（一）2023年全市灵活就业人员医疗保险缴费由原来按年一次性预缴费，改为“按自然月核定、预缴次月医保费”的方式进行，即：2022年12月缴纳2023年1月份的费款，2023年1月缴纳2023年2月份的费款，以此类推。（二）受2023年缴费标准公布时间较晚以及疫情防控等因素影响，2023年1月份缴费与2月份预缴费同步进行，缴费期均截止到2023年1月31日。以后各月预缴费正常逐月进行（三）遵照“安全、高效、便民”的原则，综合考虑灵活就业人员医保缴费习惯，拟近期增设缴费人与部分商业银行签订扣款协议，“按年预存、按月扣缴”（简称“批扣”）的缴费方式，即缴费人在签约银行卡内一次性预存全年应缴医保费，后期由系统自动按照协议在每月规定时间批量扣缴，代替缴费人实现按月缴费的功能。此缴费方式正进行银行业务对接与培训，预计在2023年1月底前实施，届时将另行公告 二、缴费标准（一）基本医疗保险缴费标准 灵活就业参保人员按照上一年度公布的全省全口径平均工资作为缴费基数，按月缴纳基本医疗保险。基本医疗保险缴费标准为268.16元(缴费基数为2021年全省全口径月平均工资6384.83元，缴费比例为4.2％)，后续月份缴费比例不变，缴费基数随全省全口径月平均工资变化调整（二）大额医疗保险缴费标准 大额医疗保险缴费按原标准执行。选择按自然月缴费的参保人员，每月大额医疗保险缴费标准为12.50元；选择按年度预缴费的，2023年大额医疗保险预缴费标准为150元。（三）长期护理保险缴费标准 参保人员同步参加城镇职工长期护理保险，参加城镇职工长护险缴费基数与基本医疗保险缴费基数保持一致，个人缴费比例为0.075%。选择按自然月缴费的灵活就业参保人员，每月长期护理保险缴费标准为4.79元；选择按年度预缴费的，年长期护理保险缴费标准为57.46元。三、基数调整差额补缴 2022年9月，灵活就业人员基本医疗保险缴费基数随全省全口径月平均工资变化做出调整，开始执行6384.83元的缴费基数。按照《关于公布2021年度社会保险全口径平均工资及缴费基数上下限标准的通知》（吉人社联[2022]107号）和吉林省社会医疗保险管理局印发《关于做好2022年度基本医疗保险缴费基数标准相关经办服务的通知》等文件规定，已按原缴费基数完成属期为2022年9月至2022年12月缴费的参保人员，要按新缴费基数补缴差额部分医保费，具体补缴方式另行通知。 四、缴费时间 按自然月从每月1日至月底，每日均可通过微信小程序、支付宝、银行窗口等渠道预缴次月医保费。五、缴费渠道及操作方式（一）按自然月预缴费 1.微信小程序缴费。扫描二维码或打开手机微信搜索“吉林税务社保缴费”小程序进行缴费：税务小程序 2.支付宝缴费。扫描“吉林省电子税务局社保缴费”支付宝小程序二维码进行缴费: 3.银行窗口缴费。松原市辖区内吉林银行、工商银行、建设银行、农业银行、中国银行、农村信用社、交通银行、等各网点均可缴费。（二）按年预存、按月批扣的方式 此缴费渠道预计2023年1月底前开通，具体操作方式另行公告。六、其他提示（一）2023年度灵活就业人员实行按月预缴费。中断缴费3个月以上的，按新参保人员政策执行,重新设置90天待遇等待期，中断缴费期间医保费不可补缴，中断期间医疗保障待遇不予追溯享受。请参保人务必每月及时缴费，以免由于漏、断缴影响医疗保障待遇。（二）“按年预存、按月批扣”渠道正式开通前，请缴费人以“按自然月预缴”的方式完成相应月份缴费。 (三）“按年预存、按月批扣”渠道正式开通后，不选择该方式缴费的缴费人，仍可通过“吉林税务社保缴费”微信小程序、支付宝、银行窗口缴费等缴费等方式，完成按月预缴费。（四）请参保人缴费时，务必核对准确缴费金额，避免人为因素造成错漏。 ",,,,
20,http://credit.jlbc.gov.cn/xygs/cxjswlx/cxjswlx/202303/t20230314_2279800.html,诚信万里行诚信宣传走进医保定点医院,2023-03-14,信用白城市,为进一步提升白城市社会公众征信与信用意识，促进社会信用体系建设，白城市医疗保障局近期开展了信用宣传工作。医保局充分发挥职能和业务优势，联动定点医疗机构，开展“诚信建设万里行”系列宣传活动。近日，白城市医疗保障局“诚信建设万里行”宣传活动分别走进白城市洮南神经精神病医院、镇赉杨氏堂医院。宣传人员在医院大厅张贴诚信宣传海报，在门诊大厅向前来医院就医的参保人讲解《医疗保障基金使用监督管理条例》，开展诚信宣传，进一步增强社会诚信意识，扩宽诚信医保理念宣传的广度及深度，打击欺诈骗取医保基金违法违规行为，在全社会营造诚实守信的医保信用环境。下一步，白城市医疗保障局将持续建设好、宣传好信用体系，营造全市医保定点医院知信、守信、用信的良好氛围，让群众和企业维护好、使用好个人及企业信用形象，弘扬诚实做人、守信做事的传统美德，助力加快诚信白城建设。,,,,
21,http://www.jl.gov.cn/zw/yw/zwlb/sx/sz/202304/t20230418_2334250.html,延边州确保城镇职工基本医疗保险基金安全运行,2023-04-18,吉林省人民政府网,近年来，延边州医保局按照“立足实际，把握机遇，探索创新，推进发展”总体思路，“三管齐下”推进监管队伍建设、监管机制完善和监管体系打造，坚决守好人民群众“保命钱”“救命钱”。调整划入比例。今年起，全州对职工基本医疗保险个人账户管理办法进行调整，将在职职工单位缴纳的基本医疗保险费全部划入统筹基金，提高统筹账户收入，保障基金可持续运行。开展联合监管。医保、卫健、市场监管部门积极协同合作，携手打击套取、骗取医保基金行为，曝光违法违规典型案例，维护医保基金安全运行。实行统收统支。各县（市）将职工医保基金累计结余及每月参保缴费收入上解至州级基金统筹专户，医保部门按季度测算县（市）职工医保待遇发放金额，州财政局审核后从州级基金统筹专户中拨付县（市）。截至目前，各县（市）累计上解城镇职工基本医疗保险基金结余资金共计114985万元。一季度，州级统筹专户拨付县（市）医保待遇支出28500万元。,,,,
22,http://www.jl.gov.cn/zw/yw/zwlb/sx/xs/202305/t20230519_2361112.html,前郭进一步提升医保政务公开含金量,2023-05-19,吉林省人民政府网,为全面提升为民服务质量，进一步提升医保政务公开“含金量”，前郭县以群众需求为导向，打造群众看得见、看得清、看得明的政务公开体系，保障群众的知情权、监督权、参与权，进一步提升群众的满意度。为群众提供全面精准的信息展示和办事指引，推进政务新媒体、政府网站线上和线下互联共享建设。线上以政府网、“前郭医保”公众号作为政务公开第一平台，强化管理和集中规范公开行政规范性文件，加强对政策法规、公告公示等高效整合和信息共享。线下设立咨询服务电话，及时解决群众问询的问题。在多渠道畅通公开政策文件的同时，注重当前热点回应解读，对参保群众普遍关心的政策精准解读，尝试以图片解读、宣传片解读、政策“一问一答”等多元化解读方式回应群众关切，力争第一时间消除群众疑惑，构建信息发布、回应、解读三位一体的公开模式，积极通过电视新闻、在线访谈、政务服务热线等公开形式，加强与群众面对面交流。对群众通过网站、信函、当面、传真等渠道申请发起的政府信息公开申请，加强依申请公开程序落实，严格落实法定职责，依法依规做好依申请答复，提高答复的及时性和针对性。持续做好人大代表、政协提案，通过零距离、面对面座谈交流等方式，将意见建议作为改进工作的重要参考。（王欣欣）,,,,
23,http://www.jl.gov.cn/zw/yw/zwlb/sz/202305/t20230517_2359316.html,省医疗保障局夯实思想根基筑牢医保屏障,2023-05-17,吉林省人民政府网,学习贯彻习近平新时代中国特色社会主义思想主题教育开展以来，省医疗保障局认真贯彻落实中央决策部署和省委工作要求，将坚持学思用贯通、知信行统一作为根本任务，扎扎实实推进主题教育全面铺开。理论学习深。坚持读原著、学原文、悟原理，全面学习领会习近平新时代中国特色社会主义思想的科学体系、核心要义、实践要求，深入学习习近平总书记重要讲话和重要指示批示精神，跟进学习习近平总书记最新重要讲话和文章。举办为期7天的主题教育读书班，通过集中学习、交流研讨、专家辅导、参观见学、个人自学等方式，做到领导带头学、融会贯通学、结合实际学。各党支部采取“三会一课”、主题党日、业务学习等方式同步开展。全局上下联动，广泛覆盖，以高质量读书班推动高质量主题教育。查找问题“准”。开展主题教育先查先改工作，坚持边学习、边对照、边检视、边整改，围绕主题教育方案规定的6个方面，结合巡视巡察、调查研究、推动高质量发展、群众反映强烈的突出问题等，认真查找突出问题，列出整改措施、明确整改时限、切实做好主题教育检视整改，确保检视整改取得实效。调查研究“实”。制定调查研究实施方案，部署全局调查研究工作，成立领导小组，科学确定全局大兴调查研究的17个方面调研方向。围绕全面实施待遇清单制度，健全多层次医疗保障体系，制度化常态化实施药品耗材集中带量采购，稳妥推进医疗服务价格改革、支付方式改革，加强医保基金监管，强化医疗保障经办管理服务体系建设等重要民生实事，明确26个调研题目。通过建立健全职工医保门诊统筹制度，规范统一医保门诊慢特病病种等措施，进一步落实待遇清单制度，确保医保制度公平可持续。联合多部门共同印发了《关于印发加强吉林省医疗保障服务体系建设推进服务下沉工作方案的通知》，加快完善吉林省医疗保障服务体系建设。依托乡镇（街道）政务服务中心、村（社区）综合服务中心，推进医保服务下沉，不断完善异地就医政策，加强创新异地就医经办服务，计划于今年实现省内门诊异地就医免备案直接结算，不断满足群众就医和医保需求，提供更加贴心暖心的服务。（邱国强） ,,,,
24,http://www.jl.gov.cn/ggzy/zfcg/cggg/202305/t20230526_8715643.html,吉林市社会医疗保险管理局购置20232025年度城镇职工大额医疗保险服务项目招标公告,2023-05-26,吉林省公共资源交易公共服务平台,"一、项目基本情况 招标编号：JSZFCG—J2023ZX017 项目名称：吉林市社会医疗保险管理局购置2023-2025年度城镇职工大额医疗保险服务项目。预算金额：本项目的采购预算为190800000元(三年预算）（投标保证金人民币1900000元）（投标保证金缴存截止时间：2023年6月19日9时10分止），不接受超出采购预算的报价。 采购需求：购置2023-2025年度城镇职工大额医疗保险服务（具体内容请下载招标文件及投标报价明细表）。合同履行期限：按招标文件规定时间履行。 本项目接受联合体投标。二、申请人的资格要求： 1.满足《中华人民共和国政府采购法》第二十二条规定且未被列入失信被执行人、重大税收违法案件当事人名单、政府采购严重违法失信行为记录名单（通过“信用中国”网站www.creditchina.gov.cn或中国政府采购网www.ccgp.gov.cn查询）； 2.落实政府采购政策需满足的资格要求：本项目非预留份额专门面向中小企业采购的采购项目（如属于专门面向中小企业采购的项目，供应商应为中小微企业、监狱企业、残疾人福利性单位）。3.本项目的特定资格要求：如属于特定行业项目,供应商应当具备特定行业法定准入要求。 三、获取招标文件 时间： 2023年5月26日至2023年6月2日，每天上午8:30至11:30，下午13:00至16:30（北京时间，法定节假日除外）。地点：ggzy.jlcity.gov.cn 方式：免费下载。 售价：0元。 四、提交投标文件截止时间、开标时间和地点 2023年6月19日9时10分（北京时间）（上传投标文件截止时间及开标时间）。 地点：吉林市公共资源交易中心703。五、公告期限 自本公告发布之日起5个工作日。六、其他补充事宜 1.拟参与本项目的供应商，一律在吉林市公共资源交易网（ggzy.jlcity.gov.cn）进行网上报名，不接受现场报名。请尚未办理入库的供应商按照吉林市公共资源交易网“关于交易主体办理入库手续的相关要求”及时办理入库手续。 2.本项目采取资格后审，供应商根据免费下载的招标文件内容决定是否参与投标，如确定参与投标，须在规定的报名截止时间前，在吉林市公共资源交易网（ggzy.jlcity.gov.cn）本项目报名界面点击“新增报名”，并于本项目投标截止时间前按招标文件中规定的方式缴存或提交投标保证金（保证金到账或保函提交截止时间），未按上述要求办理的，开标时一律按无效投标处理。3.已经点击“新增报名”而未按规定缴存保证金，或缴存保证金后无故未参与投标的供应商，将按照相关规定予以处罚。4.对招标文件有质疑或需要澄清的应以书面材料提交，采购中心和采购人将根据各供应商提出的问题以书面形式予以答复，口头提交的问题不予答复。5.本项目采取网上招标、网上投标和远程不见面开标，具体要求详见招标文件。6.吉林市公共资源交易网供应商办理入库联系方式 联系方式：刘超（0432）64820009 办公地址：吉林市解放西路16号，吉林市公共资源交易中心601室 信息发布（录入）中心 办公时间：每周一至周五上午8:30-11:30 ，下午13:00-16:30，节假日除外。七、对本次招标提出询问，请按以下方式联系。1.采购人信息 名 称：吉林市社会医疗保险管理局 地址：吉林大街128-1号 联系方式：杨宁    0432-62489836 2.采购代理机构信息 名 称：吉林市政府采购中心 地 址：吉林市公共资源交易中心909、910室（解放西路16号）联系方式：（0432）62048505、63688356 3.项目联系方式 项目联系人：李国军、李丽新、王军、闫明洋 电　话：（0432）62048505、63688356　 ",,,,
25,http://xylh.jllh.gov.cn/xygs/cxjswlx/cxjswlx/202305/t20230526_2370503.html,政务诚信通化市柳河县医保局打造诚信医保推进医保门诊改革,2023-05-26,信用柳河县,为大力营造诚信医保工作氛围，确保医保新政策落地生效，通化市柳河县医保局强化组织领导，健全工作机制，严格贯彻落实省、市职工医保门诊共济制度改革工作部署，聚焦全县职工参保职工期盼，将医保改革红利优点亮点宣传到位、待遇保障落实到位，进一步提升医保改革成效。以政策宣传作为关健点。召开了医保门诊共济制度改革培训会，详细解读门诊共济相关政策规定，确保政策传达到位、解答到位。在通化电视台播出新闻报道“柳河县实施基本医疗保险共济保障政策”，在柳河发布、柳河县医疗保障局等公众号刊发“门诊也能报销！我县全面实施职工医保门诊共济保障政策”等文章，向社会大众广泛宣传解读政策。以各定点医疗机构、政务服务大厅医保窗口为宣传一线，实时解答职工门诊共济保障制度相关政策咨询。通过在全县范围内进行线上线下全方位政策宣传，合理引导了社会预期。以经办服务和结算报销工作作为着陆点，柳河县24家定点医疗机构全部开通职工医保普通门诊、门诊慢特病就诊报销业务，参保人员在门诊共济定点医疗机构就诊，实行“一站式”结算服务。为掌握政策落实和各定点医疗机构经办情况，柳河县医保局安排专人跟踪督导政策落实情况，逐步完善职工医保门诊慢特病鉴定、登记、补偿机制，不断提高服务水平，激发改革推进动力，确保改革事项落实落细。柳河县职工医保门诊共济制度实行市级统筹，全市统一政策、统一待遇标准、统一经办流程、统一信息系统、统一管理结算，普通门诊统筹基金年度支付最高限额为1000元、门诊慢性病年度支付最高限额为6000元。,,,,
26,http://www.jl.gov.cn/ggzy/zfcg/cggg/202305/t20230529_8716056.html,洮南市退役军人事务局部分优抚对象补充医疗保险项目,2023-05-29,吉林省公共资源交易公共服务平台,一、项目基本情况1.政府采购计划编号：项目采购X〔20230518〕-0104号；2.项目名称：洮南市退役军人事务局部分优抚对象补充医疗保险项目；3.采购方式：□竞争性谈判 ?竞争性磋商 □询价；4.预算金额：53万元；5.最高限价：53万元；6.项目需求：将在乡复员军人（1954年10月31日以前入伍）、领取抚恤的一至十级在乡残废军人、享受定期抚恤的三属、享受定期补助的带病回乡退伍军人、企业中没参加医疗保险的残废军人、享受生活补助的两参退役军人、重大癌症优抚对象纳入补充医疗保险（约582人）。（具体事项详见磋商文件）；7.服务期限：一年，若涉及理赔服务，则保险服务期限自所有理赔服务完成时截止；8.报销时限：接到保单之日起，10个工作日内报销完毕；9.本项目不接受联合体投标。二、申请人的资格要求：1.满足《中华人民共和国政府采购法》第二十二条规定；2.《政府采购促进中小企业发展管理办法》（财库〔2020〕46号）、《关于进一步加大政府采购支持中小企业力度的通知》（财库〔2023〕19号）、《关于政府采购支持监狱企业发展有关问题的通知》（财库〔2014〕68号）、《关于促进残疾人就业政府采购政策的通知》（财库〔2017〕141号）本项目专门面向中小企业采购；3. 需提供经第三方会计师事务所审计的完整有效的企业财务报告，提供本年上两个年度的上述材料；4.提供投标截止日前一年内任一月份的缴税凭据或完税证明；依法免税的，应提供相应文件证明其依法免税；5.具有中国银行保险监督管理委员会颁发的经营保险业务许可证（经营范围包含意外伤害保险、短期健康保险业务）并具有在吉林省行政辖区经营保险业务资格的财产险省级或下属公司；6.当地设立机构的财险公司（洮南市城内有办公地点，需提供洮南市本地分支机构营业执照）；7.拒绝列入政府取消投标资格记录期间的企业或个人投标； 8. 投标人未在“信用中国”网站（www.creditchina.gov.cn）、中国政府采购网（www.ccgp.gov.cn）等渠道列入失信被执行人、重大税收违法失信主体、政府采购严重违法失信行为记录名单；9.与采购人存在利害关系可能影响招标公正性的法人、其他组织或者个人，不得参加投标。单位负责人为同一人或者存在控股、管理关系的不同单位，不得参加同一标段投标或者未划分标段的同一招标项目投标。违反规定的，相关投标均无效。三、获取采购文件1.时间：2023年5月29日-2023年6月2日，全天；2.地点：洮南市公共资源交易平台； 3.方式：在白城电子投标交易平台（网站http://ggzy.jlbc.gov.cn/TPBidder）注册、在（http://www.ggzyjltn.cn:1015/TPBidder/memberLogin）网上直接免费下载磋商文件，其他途径获取的磋商文件开标时一律按无效标处理；4.售价：0元。四、响应文件提交 1.截止时间：2023年6月12日14时30分（北京时间）；2.地点：洮南市公共资源交易中心（洮南市民生大厦南栋二楼西侧）。五、开启 1.时间：2023年6月12日14时30分（北京时间）；2.地点：洮南市公共资源交易中心（洮南市民生大厦南栋二楼西侧）。六、公告期限 自本公告发布之日起5个工作日。七、其他补充事宜本次公告在中国政府采购网、吉林省公共资源交易公共服务平台、白城市公共资源交易平台同时发布。八、凡对本次采购提出询问，请按以下方式联系。1.采购人信息 名    称：  洮南市退役军人事务局　　　 地    址：  洮南市司法局办公楼 联系方式：  0436- 2.采购代理机构信息 名    称：  洮南市政府采购中心　   　　　　　　　　　　　 地　　址：　洮南市财政局5  联系方式：  吴永杰　0436-6226097 3.项目联系方 项目联系人 电　　  话： 0436-6256125 4.监督管理部门：洮南市政府采购管理办公室    电     话：0436-6236423,,,,
27,http://www.jl.gov.cn/ggzy/zfcg/zbgg/202305/t20230522_8712333.html,原迁移民补充住院医疗保险服务中标公示,2023-05-19,吉林省公共资源交易公共服务平台,"一、项目编号：JLHM-JA-2023-19 二、项目名称：原迁移民补充住院医疗保险服务三、中标（成交）信息 供应商名称：安华农业保险股份有限公司通化中心支公司 供应商地址：通化市东昌区滨江南路瑞江豪城1-12幢1-16号1-3层 中标（成交）金额：1058000元 四、主要标的信息服务类 名称：原迁移民补充住院医疗保险服务 服务要求：为集安市所有移民乡镇人员购买补充住院医疗保险,投保总人数约5290人（具体人数按签订合同当天为准）。 合同履行期限：合同订立之日起一年 五、评审专家（单一来源采购人员）名单： 马爱光   杜焕   邓士杰   刘江艳   张丽君 六、代理服务收费标准及金额：采购代理机构参照国家发展计划委员会计价【2002】1980号文件招标代理服务费执行国家现行收费标准执行：（1）国家发展计划委员会计价格【2002】1980号文件的收费标准；（2）发改办价格【2003】857号文件的规定；（3）国家发改委发改价格[2015]299号文件的规定。代理费：13000元。七、公告期限 自本公告发布之日起1个工作日。",,,,
28,http://credit.jlsy.gov.cn/hyxy/hyxx/202305/t20230517_2359629.html,安徽天长医保信用助力打造医保基金精准监管,2023-05-17,信用松原市,为进一步发挥信用在创新监管机制、提高监管能力方面的基础性作用，安徽省天长市医保局通过医保信用体系的联合激励和联合惩戒措施，创新信用监管模式、提高监管效能，增强医药机构、医护人员等信用主体的行业自律和自我约束，从而在更广泛的领域建立起医保基金监管的安全网。强化信用约束，坚持高效联动。坚持制度化，以定点医药机构、医保医师、参保人等为信用主体，探索建立医保基金监管信用评价相关标准、规范指标体系，明确评估内容、评估指标、扣分标准和信用等级分类管理措施，形成行政执法、协议管理和信用管理“三位一体”的监管模式。建立健全部门联动工作机制，全面推行联合“双随机、一公开”监管，并在市政府网站及时公示检查结果；对日常行政处罚信息及时上报市信用办，联合卫健、市场等部门将信用信息纳入信息共享数据库，建立信用评价结果部门间共享交换和互认机制。突出数字赋能，用好精密智控。借助医保智能监管信息平台，用好数字化、信息化、智慧化等手段，系统收集医保数据，通过大数据分析，靶向发现疑点数据、疑似问题，线下组织人员稽查核实，及时移交医保部门共同查处。与全市380家定点医药机构、1240名医保医师、1108名医保护士、368名医保药师签订《医保信用承诺书》，将医保信用主体的信用记录作为医保业务经办事项中的一个重要考核依据，对信用良好的树立先进典型，形成示范带动作用；对有不良信用记录的，在总体评分中予以信用减分；对涉嫌骗保犯罪的失信个人，纳入黑名单管理。坚持分级分类，实现精准监管。强化事前、事中、事后监管，健全信用承诺制度，开展经营者准入前诚信教育；完善医保信用管理办法，明确了信息归集、信用评价、信用公示、信用修复、守信激励与失信惩戒等主要事项；根据监管对象不同信用状况实行差别化监管措施，对信用状况好、风险小的“两定”医药机构，合理降低抽查比例和频次；对信用状况一般的，执行常规抽查比例和频次；对存在失信行为、风险高的，提高抽查比例和监管频次。通过分级分类监管有效提升监管效能，维护公平竞争，做到“守信不扰、失信制约”。 ,,,,
29,http://credit.taonan.gov.cn/xydt/sndt/202305/t20230529_2372217.html,洮南市医疗保障局开展诚信医保主题宣传活动,2023-05-29,信用洮南,为加强社会信用体系建设宣传教育，持续推进全市诚信文化建设，增强广大居民诚信意识和信用水平，营造诚实、守信、自律、互信的社会氛围。4月18日，洮南市医疗保障局组织开展了以“诚信医保”为主题的宣传活动。市医保局工作人员通过悬挂条幅、现场为参保群众讲解医保政策，利用电子屏滚动播放医疗保障领域违法违规和欺诈骗保行为，重点曝光欺诈骗保典型案例，以及欺诈骗取医疗保障基金行为举报投诉渠道及举报奖励办法，引导定点医药机构和广大参保群众共同构建和谐的社会环境，铸造诚信的医保体系。本次活动，发放宣传页、宣传手册、宣传手提袋、宣传台历等资料共300余份，营造了“诚信医保、人人有责”“打击欺诈骗保、维护基金安全”的良好社会舆论氛围。,,,,
30,http://www.jl.gov.cn/zw/yw/zwlb/sz/202304/t20230404_2309962.html,我省启动医保基金监管集中宣传月活动,2023-04-04,吉林省人民政府网,4月3日，吉林省暨长春市医保基金监管集中宣传月活动启动仪式在长春举行。此次活动由省医疗保障局和长春市医疗保障局联合主办，省及长春市公安、财政、卫生健康、市场监管、药品监管等部门与部分定点医疗机构和参保群众代表、社会监督员代表共750余人参加了活动启动仪式。本次医保基金监管集中宣传月活动以“安全规范用基金　守好人民看病钱”为主题，通过线上线下相结合的方式举办系列活动，进一步拓宽宣传渠道，广泛开展医保基金监管法律、法规和政策措施的宣传教育，讲好医保监管故事。通过大力宣传举报欺诈骗保行为的奖励办法，充分鼓励各地群众发挥社会监督作用，群众可通过省级和各地举报投诉电话对欺诈骗保行为进行投诉举报。通过组织召开定点医药机构、经办机构警示教育大会，重点围绕医保基金监管法律法规与政策措施，通报打击欺诈骗保典型案例，讲清欺诈骗保的危害及后果，警示定点医药机构、经办机构及从业人员提高行业自律意识和个人守信意识，自觉维护基金安全。“今年我省医保基金监管集中宣传月活动聚焦群防群治、强化社会监督，力求推动全社会共同关注、支持、参与医保基金监管工作。接下来，我省医保部门将持续健全完善基金监管长效机制，切实提高医保经办服务能力，不断提升参保群众的获得感、幸福感和安全感。”省医疗保障局基金监管处处长李宏坤在启动仪式结束后说。（何泽溟）,,,,
31,http://www.jl.gov.cn/szfzt/2022jlszyzchg/zcsy/shbz_419836/202301/t20230112_8659277.html,关键词医疗保险异地就医,2023-01-12,吉林省人民政府网,政策亮点：为保证《办法》贯彻落实工作顺利有序推进，设置衔接过渡期，衔接过渡期至2022年12月31日止。过渡期内各地要积极配合省级医保、财政部门开展医保信息平台系统改造、经办规程调整、定点机构接口改造及业务指导等工作，结合国家医保信息平台支撑情况和各省异地就医政策执行时点逐步开通线上服务。同时要结合本统筹区政策衔接实际，将推进情况及各项服务开通情况及时告知参保人员，确保参保人员及时享受异地就医直接结算服务。,,,,
32,http://www.jl.gov.cn/szfzt/2022jlszyzchg/zcsy/jsjf/202301/t20230112_8659443.html,关键词减征缓缴职工基本医疗保险费,2023-01-12,吉林省人民政府网,政策亮点：实行阶段性减征缓缴职工基本医疗保险费政策。各地市级统筹区可在确保基金收支中长期平衡和待遇支付的前提下，根据实际需要，对2022年因受疫情影响实施封闭管理的市（州）、县（市）职工基本医疗保险单位缴费部分实行减半征收。减征时间自2022年5月起，减征时限不超过3个月。职工统筹基金结存可支付月数小于6个月的原则上不实行减征。各地因疫情原因前期已经实行的职工基本医疗保险缓缴政策可继续执行，缓缴时限不超过4个月。缓缴时间可自2022年3月起，最晚截至6月底。减征和缓缴政策可同步实施。,,,,
33,http://www.siping.gov.cn/zw/spdt/sz/202305/t20230526_666793.html,市医保局四个明确巩固脱贫攻坚成果,2023-05-26,四平市人民政府,2023年，市医保局继续以巩固拓展医疗保障脱贫攻坚成果为重点，落实过渡期内医保帮扶政策，扎实开展数据动态监测，从基本医保、大病保险、医疗救助三个方面持续努力，切实兜住基本医疗保障安全网。一是明确门诊保障政策。2023年对脱贫人口继续执行脱贫攻坚期32种门诊慢病保障政策，具体病种名称及代码按照《关于完善四平市基本医疗保险门诊慢性病、特殊疾病病种管理有关事项的通知》（四医保发〔2022〕7号）有关规定执行，基本医保报销比例和基金支付限额不变。二是明确住院保障政策。农村低收入人口及脱贫人口的基本医保住院待遇保障政策同普通参保人员一致。三是明确大病保险保障政策。2023年居民大病保险对特困人员、低保对象及返贫致贫人口继续实施起付线降低50%、分段报销比例提高5个百分点、取消封顶线的倾斜保障政策。脱贫人口中不属于上述大病保险倾斜保障范围的人员，不再享受大病保险倾斜保障政策。四是明确医疗救助保障政策。医疗救助对农村低收入人口及脱贫人口按其所属身份类别给予相应救助。市医保局将不断努力，不断巩固拓展医疗保障脱贫攻坚成果，落实好脱贫人口待遇保障政策，确保医保助力乡村振兴政策红利惠及广大脱贫人口，解决好农村参保群众的急难愁盼问题，充分发挥医疗保障部门助力乡村振兴部门职能。,,,,
34,http://credit.huadian.gov.cn/xydt/bddt/202305/t20230522_2362198.html,桦甸市医保局开展加强医保诚信共筑基金安全诚信宣传活动,2023-05-22,信用桦甸市,医保基金是人民群众的“看病钱”“救命钱”，为进一步加强医疗保障基金监管，结合信用体系建设活动，桦甸市医疗保障局通过开展医保基金监管集中宣传月活动，进一步加强医保诚信宣传，强化失信惩戒意识，营造“不想骗、不敢骗、不能骗”的良好社会氛围。为抓好诚信主体责任落实，市医保局组织全市共200余家定点医疗机构和定点零售药店签订了医疗保障基金监管《信用承诺书》，确保严格遵守各项法律法规，促使其在提供医疗服务过程中，全面履行应尽诚信服务的责任和义务，严厉打击欺诈骗保行为，合理合规使用医保基金，正确执行医保政策，不断强化法治意识和诚实守信意识。,,,,
35,http://www.jl.gov.cn/szfzt/2022jlszyzchg/zcsy/shbz_419836/202301/t20230112_8659284.html,关键词职工基本医疗保险门诊共济保障机制,2023-01-12,吉林省人民政府网,政策亮点：职工医保参保人员凭本人的医疗保障凭证（包括居民身份证、社会保障卡、医保电子凭证等）在定点医疗机构门诊就医，所发生的医疗费用应由医保基金支付的，定点医疗机构通过医保信息系统应当如实记账，按月向医保经办机构申请结算。异地就医的参保人员，可在备案后到统筹区外定点医疗机构门诊就医，联网结算医疗费用；对未能联网结算的，凭医疗保障凭证、医疗费用收据（发票）、病历等材料到参保地医保经办机构办理结算。,,,,
36,http://www.jl.gov.cn/szfzt/2022jlszyzchg/zcsy/shbz_419836/202301/t20230112_8659274.html,关键词延长城乡居民基本医疗保险预缴期,2023-01-12,吉林省人民政府网,"政策亮点：城乡居民医保集中预缴期由2022年12月31日临时延长至2023年2月28日。2023年1月1日至2月28日期间缴纳城乡居民医保费用的人员,自缴费成功次日起享受2023年度城乡居民医保待遇。在集中预缴期外参保缴费的,自缴费成功次日起继续设置90日待遇等待期。",,,,
40,https://www.beijing.gov.cn/zhengce/zfwj/zfwj2016/szfwj/202305/t20230530_3116889.html,京市人民政府关于印发《北京市加快建设具有全球影响力的人工智能创新策源地实施方案（2023-2025年）》的通知,2023-05-22,市政府文件,,,京政发〔2023〕14号,科技教育;科技,北京市
41,https://www.beijing.gov.cn/zhengce/zfwj/zfwj2016/szfwj/202301/t20230131_2909785.html,北京市人民政府关于印发《2023年市政府工作报告重点任务清单》的通知,2023-01-31,市政府文件,,,京政发〔2023〕8号,综合政务;其他,北京市
42,https://www.beijing.gov.cn/zhengce/zfwj/zfwj2016/szfwj/202301/t20230131_2909758.html,北京市人民政府关于公布第九批北京市文物保护单位增补名单的通知,2023-01-20,市政府文件,,,京政发〔2023〕5号,文化;广电;新闻出版;文物,北京市
43,https://www.beijing.gov.cn/zhengce/zfwj/zfwj2016/szfwj/202301/t20230128_2907782.html,北京市人民政府关于由部分重点功能区管理机构和区政府有关部门行使一批市级行政权力等事项的决定,2023-01-19,市政府文件,,,京政发〔2023〕4号,综合政务;其他,北京市
44,https://www.beijing.gov.cn/zhengce/zfwj/zfwj2016/szfwj/202301/t20230110_2895558.html,北京市人民政府关于开展第五次全国经济普查的通知,2023-01-09,市政府文件,,,京政发〔2023〕2号,国民经济;国有资产监管;统计,北京市
45,https://www.beijing.gov.cn/zhengce/zfwj/zfwj2016/szfwj/202301/t20230109_2894422.html,北京市人民政府关于印发《北京市政府投资管理办法》的通知,2023-01-03,市政府文件,,,京政发〔2023〕1号,国民经济;国有资产监管;其他,北京市
46,https://www.beijing.gov.cn/zhengce/zfwj/zfwj2016/szfwj/202301/t20230118_2904276.html,北京市人民政府关于夏林茂、于英杰同志职务任命的通知,2023-01-18,市政府文件,,,京政发〔2023〕3号, 综合政务;其他,北京市
47,https://www.beijing.gov.cn/zhengce/zfwj/zfwj2016/bgtwj/202305/t20230530_3116869.html,北京市人民政府办公厅关于印发《北京市促进通用人工智能创新发展的若干措施》的通知,2023-05-23,市政府办公厅文件,,,京政办发〔2023〕15号, 科技教育/科技,北京市
48,https://www.beijing.gov.cn/zhengce/zfwj/zfwj2016/bgtwj/202305/t20230509_3090979.html,北京市人民政府办公厅关于印发《市政府2023年立法工作计划》的通知,2023-05-09,市政府办公厅文件,,,?京政办发〔2023〕13号,公安;安全;司法;司法,北京市
49,https://www.beijing.gov.cn/zhengce/zfwj/zfwj2016/bgtwj/202304/t20230407_2992308.html,北京市人民政府办公厅关于印发《北京市全面优化营商环境助力企业高质量发展实施方案》的通知,2023-04-06,市政府办公厅文件,,,京政办发〔2023〕8号,商贸;海关;旅游;国内贸易,北京市
50,https://www.beijing.gov.cn/zhengce/zfwj/zfwj2016/bgtwj/202303/t20230302_2927936.html,北京市人民政府办公厅关于印发《北京市推广“一业一证”改革实施方案》的通知,2023-02-24,市政府办公厅文件,,,京政办发〔2023〕5号,国民经济;国有资产监管;经济体制改革,北京市
51,https://www.beijing.gov.cn/zhengce/zfwj/zfwj2016/bgtwj/202302/t20230207_2913006.html,北京市人民政府办公厅关于印发《北京市耕地开垦费征收管理办法》的通知,2023-02-02,市政府办公厅文件,,,京政办发〔2023〕3号,?国土资源;能源;土地,北京市
52,https://www.beijing.gov.cn/zhengce/zfwj/zfwj2016/bgtwj/202212/t20221206_2871961.html,北京市人民政府办公厅关于印发《北京市积极应对疫情影响助企纾困的若干措施》的通知,2022-12-05,市政府办公厅文件,,,京政办发〔2022〕30号,国民经济;国有资产监管;经济体制改革,北京市
53,https://www.beijing.gov.cn/zhengce/zfwj/zfwj2016/bgtwj/202208/t20220817_2794059.html,北京市人民政府办公厅关于印发《北京市助企纾困优化营商环境若干措施》的通知,2022-08-12,市政府办公厅文件,,,京政办发〔2022〕22号,国民经济;国有资产监管;经济体制改革,北京市
54,https://www.beijing.gov.cn/zhengce/zfwj/zfwj2016/bgtwj/202209/t20220915_2816551.html,北京市人民政府办公厅关于全面实行行政许可事项清单管理的通知,2022-09-15,市政府办公厅文件,,,京政办发〔2022〕24号,综合政务;其他,北京市
55,https://www.hlj.gov.cn/hlj/c108378/202306/c00_31637409.shtml,黑龙江省人民政府关于李光辉任免职的通知,2023-06-02,省政府信息公开专栏,,736916951/2023-004473,黑政干〔2023〕6号,其他,黑龙江省
56,https://www.hlj.gov.cn/hlj/c108381/202304/c00_31599720.shtml,黑龙江省人民政府办公厅关于成立黑龙江省第五次全国经济普查领导小组的通知,2023-04-28,省政府信息公开专栏,,736916951/2023-003458,黑政干〔2023〕6号,其他,黑龙江省
57,https://www.hlj.gov.cn/hlj/c108373/202301/c00_31521450.shtml,黑龙江省人民政府办公厅印发关于促进全省经济运行整体好转若干政策措施的通知,2023-01-20,省政府办公厅文件,,736916951/2023-002481,黑政办规〔2023〕1号,国民经济管理,黑龙江省
58,https://www.hlj.gov.cn/hlj/c108373/202212/c00_31454519.shtml,黑龙江省人民政府办公厅关于印发黑龙江省高校科技成果产业化专项行动方案（2022―2026年）的通知,2022-12-02,省政府办公厅文件,,736916951/2022-085932,黑政办规〔2022〕25号,科技;教育,黑龙江省
59,https://www.hlj.gov.cn/hlj/c108373/202209/c00_31367514.shtml,黑龙江省人民政府办公厅关于印发2022年黑龙江省秸秆综合利用工作实施方案的通知,2022-09-27,省政府办公厅文件,,736916951/2022-083660,黑政办规〔2022〕23号,农业;林业;水利,黑龙江省
60,https://www.hlj.gov.cn/hlj/c108373/202209/c00_31367513.shtml,黑龙江省人民政府办公厅关于印发黑龙江省民办义务教育学校收费管理办法的通知,2022-09-19,省政府办公厅文件,,736916951/2022-083659,黑政办规〔2022〕22号,科技;教育,黑龙江省
61,https://www.hlj.gov.cn/hlj/c108373/202209/c00_31367512.shtml,黑龙江省人民政府办公厅印发关于支持佳木斯国家农业高新技术产业示范区建设若干政策措施的通知,2022-09-02,省政府办公厅文件,,736916951/2022-083658,黑政办规〔2022〕21号,其他,黑龙江省
62,https://www.hlj.gov.cn/hlj/c108373/202208/c00_31184193.shtml,黑龙江省人民政府办公厅印发关于促进高校毕业生等青年就业创业若干政策措施的通知,2022-08-16,省政府办公厅文件,,736916951/2022-064000,黑政办规〔2022〕20号,综合政务,黑龙江省
63,https://www.hlj.gov.cn/hlj/c108373/202206/c00_31184187.shtml,黑龙江省人民政府办公厅关于印发黑龙江省入河排污口排查整治专项行动实施方案的通知,2022-06-24,省政府办公厅文件,,736916951/2022-063994,黑政办规〔2022〕19号,,黑龙江省
64,https://www.hlj.gov.cn/hlj/c108373/202206/c00_31184183.shtml,黑龙江省人民政府办公厅关于印发黑龙江省促进台资企业发展服务措施的通知,2022-06-06,省政府办公厅文件,,736916951/2022-063992,黑政办规〔2022〕18号,综合政务,黑龙江省
65,https://www.hlj.gov.cn/hlj/c108373/202205/c00_31184179.shtml,黑龙江省人民政府办公厅关于推进社会信用体系建设高质量发展促进形成新发展格局的实施意见,2022-05-24,省政府办公厅文件,,736916951/2022-063989,黑政办规〔2022〕17号,综合政务,黑龙江省
66,https://www.hlj.gov.cn/hlj/c108373/202204/c00_31184173.shtml,黑龙江省人民政府办公厅关于印发黑龙江省安全生产责任保险实施细则的通知,2022-04-22,省政府办公厅文件,,736916951/2022-063985,黑政办规〔2022〕16号,其他,黑龙江省
67,https://www.hlj.gov.cn/hlj/c108373/202204/c00_31184167.shtml,黑龙江省人民政府办公厅关于印发黑龙江省化工园区建设标准和认定管理办法（试行）的通知,2022-04-19,省政府办公厅文件,,736916951/2022-063980,黑政办规〔2022〕15号,工业;交通,黑龙江省
68,https://www.hlj.gov.cn/hlj/c108373/202203/c00_31184154.shtml,黑龙江省人民政府办公厅关于印发黑龙江省支持数字经济加快发展若干政策措施的通知,2022-03-28,省政府办公厅文件,,736916951/2022-063970,黑政办规〔2022〕12号,商贸;海关;旅游,黑龙江省
69,https://www.hlj.gov.cn/hlj/c108373/202203/c00_31184145.shtml,黑龙江省人民政府办公厅印发关于加快畜牧业高质量发展的意见和黑龙江省加快畜牧业高质量发展若干政策措施的通知,2022-03-28,省政府办公厅文件,,736916951/2022-063963,黑政办规〔2022〕14号,农业;林业;水利,黑龙江省
70,https://www.hlj.gov.cn/hlj/c108373/202203/c00_31184137.shtml,黑龙江省人民政府办公厅关于印发黑龙江省支持生物经济高质量发展若干政策措施的通知,2022-03-25,省政府办公厅文件,,736916951/2022-063956,黑政办规〔2022〕13号,科技;教育,黑龙江省
71,https://www.hlj.gov.cn/hlj/c108373/202203/c00_31184129.shtml,黑龙江省人民政府办公厅关于印发黑龙江省支持创意设计产业发展若干政策措施的通知,2022-03-25,省政府办公厅文件,,736916951/2022-063951,黑政办规〔2022〕11号,文化;广电;新闻出版,黑龙江省
72,https://www.hlj.gov.cn/hlj/c108373/202203/c00_31184122.shtml,黑龙江省人民政府办公厅关于印发黑龙江省支持冰雪经济发展若干政策措施的通知,2022-03-25,省政府办公厅文件,,736916951/2022-063945,黑政办规〔2022〕10号,文化;广电;新闻出版,黑龙江省
73,https://www.hlj.gov.cn/hlj/c108373/202203/c00_31184111.shtml,黑龙江省人民政府办公厅关于印发黑龙江省鼓励总部经济发展若干政策措施的通知,2022-03-18,省政府办公厅文件,,736916951/2022-063937,黑政办规〔2022〕9号,商贸;海关;旅游,黑龙江省
74,https://www.hlj.gov.cn/hlj/c108373/202203/c00_31184099.shtml,黑龙江省人民政府办公厅关于印发黑龙江省推动工业振兴若干政策措施的通知,2022-03-16,省政府办公厅文件,,736916951/2022-063927,黑政办规〔2022〕8号,工业;交通,黑龙江省
75,https://www.hlj.gov.cn/hlj/c108373/202203/c00_31184089.shtml,黑龙江省人民政府办公厅关于印发黑龙江省行政审批信用承诺制事项清单（第一批）的通知,2022-03-09,省政府办公厅文件,,736916951/2022-063920,黑政办规〔2022〕7号,综合政务,黑龙江省
76,https://www.hlj.gov.cn/hlj/c108373/202203/c00_31184080.shtml,黑龙江省人民政府办公厅关于印发黑龙江省支持对外贸易发展若干措施的通知,2022-03-03,省政府办公厅文件,,736916951/2022-063913,黑政办规〔2022〕8号,,黑龙江省
77,https://www.ln.gov.cn/web/zwgkx/zfwj/szfbgtwj/2023n/2023052215555796129/index.shtml,辽宁省人民政府办公厅关于提高城乡居民最低生活保障、特困人员基本生活、孤儿基本生活养育和60年代精简退职职工生活补助标准的通知,2023-05-16,省政府办公厅文件,,,辽政办发〔2023〕6号,,辽宁省
78,https://www.sc.gov.cn/10462/zfwjts/2023/5/30/028419e0b114459d9d53d247ef262ddf.shtml,四川省人民政府关于唐雪峰任职的通知,2023-05-30,省政府,,008282882/2023-00220,,通知,四川省
79,http://www.shanxi.gov.cn/zfxxgk/zfxxgkzl/fdzdgknr/lzyj/szfbgtwj/202306/t20230602_8664324.shtml,山西省人民政府办公厅关于表彰2022年度山西省政务公开工作先进集体和先进个人的决定,2023-05-29,省政府办公厅文件,,012150SX00100/2023-17786,晋政办函〔2023〕60号,综合政务,山西省
80,http://www.shanxi.gov.cn/zfxxgk/zfxxgkzl/fdzdgknr/lzyj/szfbgtwj/202306/t20230602_8664029.shtml,山西省人民政府办公厅关于印发山西省煤炭洗选行业建设项目管理暂行办法的通知,2023-05-25,省政府办公厅文件,,012150SX00100/2023-17775,晋政办发〔2023〕33号,国土资源;能源,山西省
81,http://www.shanxi.gov.cn/zfxxgk/zfxxgkzl/fdzdgknr/lzyj/szfbgtwj/202306/t20230602_8664010.shtml,山西省人民政府办公厅关于印发山西省食品安全工作评议考核办法的通知,2023-05-24,省政府办公厅文件,,012150SX00100/2023-17772,晋政办发〔2023〕31号,市场监管;安全生产监管,山西省
82,http://www.shanxi.gov.cn/zfxxgk/zfxxgkzl/fdzdgknr/lzyj/szfbgtwj/202306/t20230602_8664128.shtml,山西省人民政府办公厅关于成立山西省第五次全国经济普查领导小组的通知,2023-05-17,省政府办公厅文件,,012150SX00100/2023-17785,晋政办函〔2023〕50号,综合政务,山西省
83,http://www.shanxi.gov.cn/zfxxgk/zfxxgkzl/fdzdgknr/lzyj/szfbgtwj/202305/t20230516_8560553.shtml,山西省人民政府办公厅关于印发山西省电动汽车充（换）电基础设施建设运营管理办法的通知,2023-05-16,省政府办公厅文件,,012150SX00100/2023-17115,晋政办发〔2023〕22号,建设规划;安全监管（执法）,山西省
84,http://www.shanxi.gov.cn/zfxxgk/zfxxgkzl/fdzdgknr/lzyj/szfbgtwj/202305/t20230516_8560593.shtml,山西省人民政府办公厅关于印发全面推进煤矿智能化和煤炭工业互联网平台建设实施方案的通知,2023-05-16,省政府办公厅文件,,012150SX00100/2023-17118,晋政办发〔2023〕27号,国土资源;能源;煤炭;安全生产监督,山西省
85,http://www.shanxi.gov.cn/zfxxgk/zfxxgkzl/fdzdgknr/lzyj/szfbgtwj/202305/t20230516_8560618.shtml,山西省人民政府办公厅关于印发山西省推进服务业提质增效2023年行动计划的通知,2023-05-16,省政府办公厅文件,,012150SX00100/2023-17128,晋政办发〔2023〕28号,旅游;服务业,山西省
86,http://www.shanxi.gov.cn/zfxxgk/zfxxgkzl/fdzdgknr/lzyj/szfwj/202305/t20230516_8560609.shtml,山西省人民政府关于重新公布全省征地区片综合地价的通知,2023-05-12,省政府办公厅文件,,012150SX00100/2023-17125,晋政发〔2023〕12号,国民经济管理;国有资产监管,山西省
87,http://www.shanxi.gov.cn/zfxxgk/zfxxgkzl/fdzdgknr/lzyj/szfl/202302/t20230203_7914041.shtml,山西省治理道路货物运输源头超限超载办法,2023-01-16,省政府令,,012150SX00100/2023-02207,山西省人民政府令第301号,工业;交通,山西省
88,http://www.shanxi.gov.cn/zfxxgk/zfxxgkzl/fdzdgknr/lzyj/szfl/202302/t20230203_7914578.shtml,山西省实施《工伤保险条例》办法,2023-01-16,省政府令,,012150SX00100/2023-02219,山西省人民政府令第302号,劳动;人事;监察,山西省
89,http://www.shanxi.gov.cn/zfxxgk/zfxxgkzl/fdzdgknr/lzyj/szfl/202302/t20230203_7914604.shtml,山西省陆生野生动物造成人身与财产损害补偿办法,2023-01-16,省政府令,,012150SX00100/2023-02221,山西省人民政府令第303号,农业;林业;水利,山西省
90,http://www.shanxi.gov.cn/zfxxgk/zfxxgkzl/fdzdgknr/lzyj/szfl/202302/t20230203_7914760.shtml,山西省学校学生人身伤害事故预防与处理办法,2023-01-16,省政府令,,012150SX00100/2023-02222,山西省人民政府令第304号,公安;安全;司法,山西省
91,http://www.shanxi.gov.cn/zfxxgk/zfxxgkzl/fdzdgknr/lzyj/szfl/202301/t20230112_7788044.shtml,山西省地下文物保护管理办法,2022-12-28,省政府令,,012150SX00100/2023-00768,山西省人民政府令第305号,文化;广电;新闻出版;文物,山西省
92,http://www.shanxi.gov.cn/zfxxgk/zfxxgkzl/fdzdgknr/lzyj/szfl/202301/t20230112_7788188.shtml,山西省网络餐饮服务食品安全监督管理暂行办法,2022-12-28,省政府令,,012150SX00100/2023-00785,市场监管、安全生产监管;食品药品监督,,山西省
93,http://www.shanxi.gov.cn/zfxxgk/zfxxgkzl/fdzdgknr/lzyj/swygwj/swygwj1/202303/t20230330_8254529.shtml,中共山西省委办公厅 山西省人民政府办公厅印发《关于深化生态保护补偿制度改革的实施意见》的通知,2023-03-30,中共陕西省委办公厅,,,,,山西省
94,http://www.shanxi.gov.cn/zfxxgk/zfxxgkzl/fdzdgknr/lzyj/swygwj/swygwj1/202303/t20230330_8254525.shtml,中共山西省委 山西省人民政府关于印发《山西省综合立体交通网规划纲要》的通知,2023-03-30,中共陕西省委办公厅,,,,,山西省
95,http://www.shanxi.gov.cn/zfxxgk/zfxxgkzl/fdzdgknr/lzyj/swygwj/swygwj1/202303/t20230322_8199343.shtml,中共山西省委 山西省人民政府关于做好2023年全面推进乡村振兴重点工作的实施意见,2023-03-22,中共陕西省委办公厅,,,,,山西省
96,http://www.shanxi.gov.cn/zfxxgk/zfxxgkzl/fdzdgknr/lzyj/swygwj/swygwj1/202303/t20230321_8194328.shtml,中共山西省委办公厅关于印发《山西省市级以下事业单位领导人员管理办法》的通知,2023-03-15,中共陕西省委办公厅,,,,,山西省
97,http://www.shanxi.gov.cn/zfxxgk/zfxxgkzl/fdzdgknr/lzyj/swygwj/swygwj1/202303/t20230314_8148495.shtml,中共山西省委 山西省人民政府关于贯彻落实《国家标准化发展纲要》的实施意见,2023-03-14,中共陕西省委办公厅,,,,,山西省
98,http://www.shanxi.gov.cn/zfxxgk/zfxxgkzl/fdzdgknr/lzyj/swygwj/swygwj1/202303/t20230314_8148491.shtml,中共山西省委 山西省人民政府关于加强新时代老龄工作的实施意见,2023-03-14,中共陕西省委办公厅,,,,,山西省
